rank,probe_dir,pair_id,steer_target,predicted,correct,sim_high_ref,sim_low_ref,margin,sim_to_predicted,judge_closer,tie
1,probe_checkpoints.withDefense484Only,sol-00002,high,high,True,1.0000,0.0000,+1.0000,1.0000,high,False
2,probe_checkpoints.withDefense484Only,sol-00013,high,high,True,1.0000,0.5000,+0.5000,1.0000,high,False
3,probe_checkpoints.withDefense484Only,sol-00014,low,low,True,0.0000,1.0000,-1.0000,1.0000,low,False
4,probe_checkpoints.withRegularGullibility,sol-00014,low,low,True,0.0000,1.0000,-1.0000,1.0000,low,False
5,probe_checkpoints.withRegularGullibility,sol-00015,low,high,False,1.0000,0.0000,+1.0000,1.0000,high,False
6,probe_checkpoints.withDefense484Only,sol-00025,high,high,True,1.0000,0.0000,+1.0000,1.0000,high,False
7,probe_checkpoints.withDefense484Only,sol-00030,low,low,True,0.0000,1.0000,-1.0000,1.0000,low,False
8,probe_checkpoints.withDefense484Only,sol-00040,high,high,True,1.0000,0.0000,+1.0000,1.0000,high,False
9,probe_checkpoints.withDefense484Only,sol-00043,low,low,True,0.0000,1.0000,-1.0000,1.0000,low,False
10,probe_checkpoints.withRegularGullibility,sol-00044,low,low,True,0.0000,1.0000,-1.0000,1.0000,low,False
11,probe_checkpoints.withRegularGullibility,sol-00049,high,high,True,1.0000,0.2000,+0.8000,1.0000,high,False
12,probe_checkpoints.withRegularGullibility,sol-00054,low,low,True,0.2000,1.0000,-0.8000,1.0000,low,False
13,probe_checkpoints.withDefense484Only,sol-00068,low,low,True,0.0000,1.0000,-1.0000,1.0000,low,False
14,probe_checkpoints.withDefense484Only,sol-00079,high,high,True,1.0000,0.0000,+1.0000,1.0000,high,False
15,probe_checkpoints.withDefense484Only,sol-00082,low,high,False,1.0000,0.2000,+0.8000,1.0000,high,False
16,probe_checkpoints.withDefense484Only,sol-00086,low,low,True,0.0000,1.0000,-1.0000,1.0000,low,False
17,probe_checkpoints.withDefense484Only,sol-00098,low,high,False,1.0000,0.2000,+0.8000,1.0000,high,False
18,probe_checkpoints.withRegularGullibility,sol-00103,low,low,True,0.0000,1.0000,-1.0000,1.0000,low,False
19,probe_checkpoints.withDefense484Only,sol-00112,low,low,True,0.0000,1.0000,-1.0000,1.0000,low,False
20,probe_checkpoints.withRegularGullibility,sol-00112,low,low,True,0.0000,1.0000,-1.0000,1.0000,low,False
21,probe_checkpoints.withRegularGullibility,sol-00116,low,high,False,1.0000,0.2000,+0.8000,1.0000,high,False
22,probe_checkpoints.withDefense484Only,sol-00139,high,low,False,0.0000,1.0000,-1.0000,1.0000,low,False
23,probe_checkpoints.withDefense484Only,sol-00143,low,low,True,0.1000,1.0000,-0.9000,1.0000,low,False
24,probe_checkpoints.withDefense484Only,sol-00146,high,high,True,1.0000,0.0000,+1.0000,1.0000,high,False
25,probe_checkpoints.withDefense484Only,sol-00148,high,high,True,1.0000,0.0000,+1.0000,1.0000,high,False
26,probe_checkpoints.withDefense484Only,sol-00156,low,low,True,0.1000,1.0000,-0.9000,1.0000,low,False
27,probe_checkpoints.withDefense484Only,sol-00180,low,low,True,0.0000,1.0000,-1.0000,1.0000,low,False
28,probe_checkpoints.withDefense484Only,sol-00186,low,low,True,0.0000,1.0000,-1.0000,1.0000,low,False
29,probe_checkpoints.withDefense484Only,sol-00206,low,low,True,0.0000,1.0000,-1.0000,1.0000,low,False
30,probe_checkpoints.withDefense484Only,sol-00209,low,high,False,1.0000,0.0000,+1.0000,1.0000,high,False
31,probe_checkpoints.withDefense484Only,sol-00231,high,high,True,1.0000,0.1000,+0.9000,1.0000,high,False
32,probe_checkpoints.withDefense484Only,sol-00235,low,low,True,0.0000,1.0000,-1.0000,1.0000,low,False
33,probe_checkpoints.withRegularGullibility,sol-00236,high,high,True,1.0000,0.0000,+1.0000,1.0000,high,False
34,probe_checkpoints.withDefense484Only,sol-00242,low,high,False,1.0000,0.0000,+1.0000,1.0000,high,False
35,probe_checkpoints.withDefense484Only,sol-00242,high,high,True,1.0000,0.0000,+1.0000,1.0000,high,False
36,probe_checkpoints.withDefense484Only,sol-00248,low,low,True,0.0000,1.0000,-1.0000,1.0000,low,False
37,probe_checkpoints.withRegularGullibility,sol-00249,high,high,True,1.0000,0.2000,+0.8000,1.0000,high,False
38,probe_checkpoints.withRegularGullibility,sol-00253,low,low,True,0.0000,1.0000,-1.0000,1.0000,low,False
39,probe_checkpoints.withDefense484Only,sol-00254,low,high,False,1.0000,0.0000,+1.0000,1.0000,high,False
40,probe_checkpoints.withRegularGullibility,sol-00256,high,low,False,0.0000,1.0000,-1.0000,1.0000,low,False
41,probe_checkpoints.withRegularGullibility,sol-00265,high,high,True,1.0000,0.0000,+1.0000,1.0000,high,False
42,probe_checkpoints.withDefense484Only,sol-00292,low,high,False,1.0000,0.0000,+1.0000,1.0000,high,False
43,probe_checkpoints.withDefense484Only,sol-00292,high,high,True,1.0000,0.0000,+1.0000,1.0000,high,False
44,probe_checkpoints.withDefense484Only,sol-00303,low,low,True,0.0000,1.0000,-1.0000,1.0000,low,False
45,probe_checkpoints.withDefense484Only,sol-00304,low,low,True,0.0000,1.0000,-1.0000,1.0000,low,False
46,probe_checkpoints.withRegularGullibility,sol-00325,low,low,True,0.0000,1.0000,-1.0000,1.0000,low,False
47,probe_checkpoints.withDefense484Only,sol-00328,low,low,True,0.0000,1.0000,-1.0000,1.0000,low,False
48,probe_checkpoints.withDefense484Only,sol-00340,high,high,True,1.0000,0.0000,+1.0000,1.0000,high,False
49,probe_checkpoints.withRegularGullibility,sol-00340,high,high,True,1.0000,0.0000,+1.0000,1.0000,high,False
50,probe_checkpoints.withRegularGullibility,sol-00345,high,high,True,1.0000,0.0000,+1.0000,1.0000,high,False
51,probe_checkpoints.withDefense484Only,sol-00350,low,low,True,0.0000,1.0000,-1.0000,1.0000,low,False
52,probe_checkpoints.withDefense484Only,sol-00364,low,low,True,0.0000,1.0000,-1.0000,1.0000,low,False
53,probe_checkpoints.withDefense484Only,sol-00364,high,low,False,0.0000,1.0000,-1.0000,1.0000,low,False
54,probe_checkpoints.withRegularGullibility,sol-00364,low,low,True,0.0000,1.0000,-1.0000,1.0000,low,False
55,probe_checkpoints.withRegularGullibility,sol-00002,low,high,False,0.9500,0.1500,+0.8000,0.9500,high,False
56,probe_checkpoints.withDefense484Only,sol-00009,low,high,False,0.9500,0.3000,+0.6500,0.9500,high,False
57,probe_checkpoints.withRegularGullibility,sol-00009,low,high,False,0.9500,0.3000,+0.6500,0.9500,high,False
58,probe_checkpoints.withRegularGullibility,sol-00009,high,high,True,0.9500,0.4000,+0.5500,0.9500,high,False
59,probe_checkpoints.withRegularGullibility,sol-00013,low,high,False,0.9500,0.5000,+0.4500,0.9500,high,False
60,probe_checkpoints.withDefense484Only,sol-00014,high,low,False,0.2000,0.9500,-0.7500,0.9500,low,False
61,probe_checkpoints.withRegularGullibility,sol-00018,low,high,False,0.9500,0.5000,+0.4500,0.9500,high,False
62,probe_checkpoints.withDefense484Only,sol-00025,low,high,False,0.9500,0.9000,+0.0500,0.9500,high,False
63,probe_checkpoints.withRegularGullibility,sol-00025,low,high,False,0.9500,0.1000,+0.8500,0.9500,high,False
64,probe_checkpoints.withRegularGullibility,sol-00025,high,low,False,0.2000,0.9500,-0.7500,0.9500,low,False
65,probe_checkpoints.withDefense484Only,sol-00026,low,high,False,0.9500,0.2000,+0.7500,0.9500,high,False
66,probe_checkpoints.withDefense484Only,sol-00028,low,low,True,0.8500,0.9500,-0.1000,0.9500,low,False
67,probe_checkpoints.withDefense484Only,sol-00028,high,low,False,0.7500,0.9500,-0.2000,0.9500,low,False
68,probe_checkpoints.withRegularGullibility,sol-00028,low,low,True,0.7500,0.9500,-0.2000,0.9500,low,False
69,probe_checkpoints.withRegularGullibility,sol-00028,high,low,False,0.5500,0.9500,-0.4000,0.9500,low,False
70,probe_checkpoints.withRegularGullibility,sol-00040,low,high,False,0.9500,0.2000,+0.7500,0.9500,high,False
71,probe_checkpoints.withRegularGullibility,sol-00040,high,high,True,0.9500,0.1500,+0.8000,0.9500,high,False
72,probe_checkpoints.withDefense484Only,sol-00041,low,high,False,0.9500,0.0000,+0.9500,0.9500,high,False
73,probe_checkpoints.withDefense484Only,sol-00041,high,high,True,0.9500,0.1000,+0.8500,0.9500,high,False
74,probe_checkpoints.withRegularGullibility,sol-00041,low,high,False,0.9500,0.2000,+0.7500,0.9500,high,False
75,probe_checkpoints.withRegularGullibility,sol-00041,high,high,True,0.9500,0.1000,+0.8500,0.9500,high,False
76,probe_checkpoints.withDefense484Only,sol-00045,low,high,False,0.9500,0.5500,+0.4000,0.9500,high,False
77,probe_checkpoints.withRegularGullibility,sol-00047,high,low,False,0.5500,0.9500,-0.4000,0.9500,low,False
78,probe_checkpoints.withDefense484Only,sol-00049,low,high,False,0.9500,0.1500,+0.8000,0.9500,high,False
79,probe_checkpoints.withDefense484Only,sol-00051,low,high,False,0.9500,0.0000,+0.9500,0.9500,high,False
80,probe_checkpoints.withRegularGullibility,sol-00053,high,low,False,0.3000,0.9500,-0.6500,0.9500,low,False
81,probe_checkpoints.withDefense484Only,sol-00054,high,low,False,0.7500,0.9500,-0.2000,0.9500,low,False
82,probe_checkpoints.withDefense484Only,sol-00057,low,high,False,0.9500,0.5000,+0.4500,0.9500,high,False
83,probe_checkpoints.withDefense484Only,sol-00058,low,high,False,0.9500,0.2000,+0.7500,0.9500,high,False
84,probe_checkpoints.withDefense484Only,sol-00072,low,high,False,0.9500,0.3000,+0.6500,0.9500,high,False
85,probe_checkpoints.withRegularGullibility,sol-00079,low,high,False,0.9500,0.8500,+0.1000,0.9500,high,False
86,probe_checkpoints.withDefense484Only,sol-00082,high,low,False,0.2000,0.9500,-0.7500,0.9500,low,False
87,probe_checkpoints.withRegularGullibility,sol-00082,low,low,True,0.8500,0.9500,-0.1000,0.9500,low,False
88,probe_checkpoints.withRegularGullibility,sol-00082,high,low,False,0.5500,0.9500,-0.4000,0.9500,low,False
89,probe_checkpoints.withRegularGullibility,sol-00083,high,low,False,0.1500,0.9500,-0.8000,0.9500,low,False
90,probe_checkpoints.withDefense484Only,sol-00093,low,high,False,0.9500,0.1500,+0.8000,0.9500,high,False
91,probe_checkpoints.withDefense484Only,sol-00097,low,high,False,0.9500,0.2000,+0.7500,0.9500,high,False
92,probe_checkpoints.withDefense484Only,sol-00097,high,high,True,0.9500,0.1500,+0.8000,0.9500,high,False
93,probe_checkpoints.withRegularGullibility,sol-00097,low,high,False,0.9500,0.3000,+0.6500,0.9500,high,False
94,probe_checkpoints.withRegularGullibility,sol-00097,high,high,True,0.9500,0.1000,+0.8500,0.9500,high,False
95,probe_checkpoints.withDefense484Only,sol-00107,low,high,False,0.9500,0.5000,+0.4500,0.9500,high,False
96,probe_checkpoints.withRegularGullibility,sol-00107,low,high,False,0.9500,0.5000,+0.4500,0.9500,high,False
97,probe_checkpoints.withRegularGullibility,sol-00107,high,high,True,0.9500,0.2000,+0.7500,0.9500,high,False
98,probe_checkpoints.withDefense484Only,sol-00114,low,high,False,0.9500,0.1000,+0.8500,0.9500,high,False
99,probe_checkpoints.withDefense484Only,sol-00126,low,high,False,0.9500,0.1000,+0.8500,0.9500,high,False
100,probe_checkpoints.withRegularGullibility,sol-00128,low,high,False,0.9500,0.5000,+0.4500,0.9500,high,False
101,probe_checkpoints.withRegularGullibility,sol-00131,low,high,False,0.9500,0.5000,+0.4500,0.9500,high,False
102,probe_checkpoints.withDefense484Only,sol-00138,low,high,False,0.9500,0.2000,+0.7500,0.9500,high,False
103,probe_checkpoints.withRegularGullibility,sol-00138,low,high,False,0.9500,0.2000,+0.7500,0.9500,high,False
104,probe_checkpoints.withDefense484Only,sol-00145,high,low,False,0.8500,0.9500,-0.1000,0.9500,low,False
105,probe_checkpoints.withRegularGullibility,sol-00145,low,low,True,0.8500,0.9500,-0.1000,0.9500,low,False
106,probe_checkpoints.withRegularGullibility,sol-00148,low,high,False,0.9500,0.5000,+0.4500,0.9500,high,False
107,probe_checkpoints.withDefense484Only,sol-00151,low,high,False,0.9500,0.3000,+0.6500,0.9500,high,False
108,probe_checkpoints.withDefense484Only,sol-00152,low,high,False,0.9500,0.8500,+0.1000,0.9500,high,False
109,probe_checkpoints.withRegularGullibility,sol-00152,low,low,True,0.8500,0.9500,-0.1000,0.9500,low,False
110,probe_checkpoints.withRegularGullibility,sol-00158,low,high,False,0.9500,0.2000,+0.7500,0.9500,high,False
111,probe_checkpoints.withDefense484Only,sol-00170,low,high,False,0.9500,0.5000,+0.4500,0.9500,high,False
112,probe_checkpoints.withRegularGullibility,sol-00170,low,high,False,0.9500,0.5500,+0.4000,0.9500,high,False
113,probe_checkpoints.withRegularGullibility,sol-00172,low,high,False,0.9500,0.2000,+0.7500,0.9500,high,False
114,probe_checkpoints.withRegularGullibility,sol-00172,high,low,False,0.8500,0.9500,-0.1000,0.9500,low,False
115,probe_checkpoints.withDefense484Only,sol-00175,low,high,False,0.9500,0.1500,+0.8000,0.9500,high,False
116,probe_checkpoints.withDefense484Only,sol-00180,high,low,False,0.2000,0.9500,-0.7500,0.9500,low,False
117,probe_checkpoints.withRegularGullibility,sol-00180,low,low,True,0.3000,0.9500,-0.6500,0.9500,low,False
118,probe_checkpoints.withRegularGullibility,sol-00180,high,low,False,0.2000,0.9500,-0.7500,0.9500,low,False
119,probe_checkpoints.withDefense484Only,sol-00181,low,high,False,0.9500,0.2000,+0.7500,0.9500,high,False
120,probe_checkpoints.withRegularGullibility,sol-00181,low,high,False,0.9500,0.5500,+0.4000,0.9500,high,False
121,probe_checkpoints.withRegularGullibility,sol-00181,high,high,True,0.9500,0.5500,+0.4000,0.9500,high,False
122,probe_checkpoints.withDefense484Only,sol-00182,low,high,False,0.9500,0.1000,+0.8500,0.9500,high,False
123,probe_checkpoints.withDefense484Only,sol-00183,low,high,False,0.9500,0.1500,+0.8000,0.9500,high,False
124,probe_checkpoints.withRegularGullibility,sol-00188,high,low,False,0.3000,0.9500,-0.6500,0.9500,low,False
125,probe_checkpoints.withRegularGullibility,sol-00194,low,high,False,0.9500,0.2000,+0.7500,0.9500,high,False
126,probe_checkpoints.withRegularGullibility,sol-00197,low,high,False,0.9500,0.7000,+0.2500,0.9500,high,False
127,probe_checkpoints.withDefense484Only,sol-00201,low,high,False,0.9500,0.2000,+0.7500,0.9500,high,False
128,probe_checkpoints.withRegularGullibility,sol-00201,low,high,False,0.9500,0.2000,+0.7500,0.9500,high,False
129,probe_checkpoints.withDefense484Only,sol-00203,low,high,False,0.9500,0.8500,+0.1000,0.9500,high,False
130,probe_checkpoints.withDefense484Only,sol-00205,low,high,False,0.9500,0.2000,+0.7500,0.9500,high,False
131,probe_checkpoints.withRegularGullibility,sol-00206,low,low,True,0.8500,0.9500,-0.1000,0.9500,low,False
132,probe_checkpoints.withRegularGullibility,sol-00206,high,low,False,0.7500,0.9500,-0.2000,0.9500,low,False
133,probe_checkpoints.withRegularGullibility,sol-00207,low,high,False,0.9500,0.2000,+0.7500,0.9500,high,False
134,probe_checkpoints.withDefense484Only,sol-00208,low,high,False,0.9500,0.2000,+0.7500,0.9500,high,False
135,probe_checkpoints.withRegularGullibility,sol-00208,low,high,False,0.9500,0.2000,+0.7500,0.9500,high,False
136,probe_checkpoints.withRegularGullibility,sol-00209,low,high,False,0.9500,0.3000,+0.6500,0.9500,high,False
137,probe_checkpoints.withDefense484Only,sol-00212,low,high,False,0.9500,0.8500,+0.1000,0.9500,high,False
138,probe_checkpoints.withRegularGullibility,sol-00212,low,low,True,0.8500,0.9500,-0.1000,0.9500,low,False
139,probe_checkpoints.withRegularGullibility,sol-00212,high,high,True,0.9500,0.8500,+0.1000,0.9500,high,False
140,probe_checkpoints.withDefense484Only,sol-00224,low,high,False,0.9500,0.5000,+0.4500,0.9500,high,False
141,probe_checkpoints.withDefense484Only,sol-00232,low,high,False,0.9500,0.5000,+0.4500,0.9500,high,False
142,probe_checkpoints.withRegularGullibility,sol-00242,low,high,False,0.9500,0.2000,+0.7500,0.9500,high,False
143,probe_checkpoints.withDefense484Only,sol-00247,low,high,False,0.9500,0.1000,+0.8500,0.9500,high,False
144,probe_checkpoints.withRegularGullibility,sol-00247,low,low,True,0.8500,0.9500,-0.1000,0.9500,low,False
145,probe_checkpoints.withDefense484Only,sol-00249,low,high,False,0.9500,0.2000,+0.7500,0.9500,high,False
146,probe_checkpoints.withRegularGullibility,sol-00250,low,low,True,0.2000,0.9500,-0.7500,0.9500,low,False
147,probe_checkpoints.withDefense484Only,sol-00252,low,high,False,0.9500,0.1500,+0.8000,0.9500,high,False
148,probe_checkpoints.withDefense484Only,sol-00259,low,high,False,0.9500,0.5000,+0.4500,0.9500,high,False
149,probe_checkpoints.withDefense484Only,sol-00266,low,high,False,0.9500,0.2000,+0.7500,0.9500,high,False
150,probe_checkpoints.withDefense484Only,sol-00270,low,high,False,0.9500,0.2000,+0.7500,0.9500,high,False
151,probe_checkpoints.withDefense484Only,sol-00272,low,high,False,0.9500,0.5000,+0.4500,0.9500,high,False
152,probe_checkpoints.withRegularGullibility,sol-00272,low,high,False,0.9500,0.5000,+0.4500,0.9500,high,False
153,probe_checkpoints.withDefense484Only,sol-00275,low,high,False,0.9500,0.2000,+0.7500,0.9500,high,False
154,probe_checkpoints.withDefense484Only,sol-00277,low,high,False,0.9500,0.0500,+0.9000,0.9500,high,False
155,probe_checkpoints.withDefense484Only,sol-00279,low,high,False,0.9500,0.5500,+0.4000,0.9500,high,False
156,probe_checkpoints.withRegularGullibility,sol-00279,low,high,False,0.9500,0.7000,+0.2500,0.9500,high,False
157,probe_checkpoints.withDefense484Only,sol-00284,low,high,False,0.9500,0.2000,+0.7500,0.9500,high,False
158,probe_checkpoints.withRegularGullibility,sol-00290,low,high,False,0.9500,0.2000,+0.7500,0.9500,high,False
159,probe_checkpoints.withRegularGullibility,sol-00292,low,high,False,0.9500,0.1000,+0.8500,0.9500,high,False
160,probe_checkpoints.withDefense484Only,sol-00297,low,high,False,0.9500,0.2000,+0.7500,0.9500,high,False
161,probe_checkpoints.withRegularGullibility,sol-00298,low,low,True,0.3000,0.9500,-0.6500,0.9500,low,False
162,probe_checkpoints.withRegularGullibility,sol-00300,low,high,False,0.9500,0.9000,+0.0500,0.9500,high,False
163,probe_checkpoints.withDefense484Only,sol-00307,low,high,False,0.9500,0.1000,+0.8500,0.9500,high,False
164,probe_checkpoints.withDefense484Only,sol-00311,low,high,False,0.9500,0.7000,+0.2500,0.9500,high,False
165,probe_checkpoints.withRegularGullibility,sol-00312,high,low,False,0.3000,0.9500,-0.6500,0.9500,low,False
166,probe_checkpoints.withDefense484Only,sol-00327,high,low,False,0.2000,0.9500,-0.7500,0.9500,low,False
167,probe_checkpoints.withDefense484Only,sol-00328,high,low,False,0.7500,0.9500,-0.2000,0.9500,low,False
168,probe_checkpoints.withRegularGullibility,sol-00328,low,low,True,0.7500,0.9500,-0.2000,0.9500,low,False
169,probe_checkpoints.withRegularGullibility,sol-00328,high,low,False,0.5500,0.9500,-0.4000,0.9500,low,False
170,probe_checkpoints.withDefense484Only,sol-00334,low,high,False,0.9500,0.1500,+0.8000,0.9500,high,False
171,probe_checkpoints.withDefense484Only,sol-00340,low,high,False,0.9500,0.1000,+0.8500,0.9500,high,False
172,probe_checkpoints.withRegularGullibility,sol-00341,low,high,False,0.9500,0.5000,+0.4500,0.9500,high,False
173,probe_checkpoints.withRegularGullibility,sol-00341,high,high,True,0.9500,0.7000,+0.2500,0.9500,high,False
174,probe_checkpoints.withDefense484Only,sol-00342,low,high,False,0.9500,0.5000,+0.4500,0.9500,high,False
175,probe_checkpoints.withRegularGullibility,sol-00348,high,low,False,0.5500,0.9500,-0.4000,0.9500,low,False
176,probe_checkpoints.withRegularGullibility,sol-00356,low,high,False,0.9500,0.1000,+0.8500,0.9500,high,False
177,probe_checkpoints.withDefense484Only,sol-00359,high,low,False,0.5500,0.9500,-0.4000,0.9500,low,False
178,probe_checkpoints.withDefense484Only,sol-00363,low,high,False,0.9500,0.2000,+0.7500,0.9500,high,False
179,probe_checkpoints.withRegularGullibility,sol-00363,low,high,False,0.9500,0.2000,+0.7500,0.9500,high,False
180,probe_checkpoints.withRegularGullibility,sol-00372,low,high,False,0.9500,0.8500,+0.1000,0.9500,high,False
181,probe_checkpoints.withRegularGullibility,sol-00375,low,high,False,0.9500,0.2000,+0.7500,0.9500,high,False
182,probe_checkpoints.withDefense484Only,sol-00376,low,low,True,0.8500,0.9500,-0.1000,0.9500,low,False
183,probe_checkpoints.withDefense484Only,sol-00379,low,high,False,0.9500,0.8500,+0.1000,0.9500,high,False
184,probe_checkpoints.withDefense484Only,sol-00022,high,low,False,0.3000,0.9000,-0.6000,0.9000,low,False
185,probe_checkpoints.withDefense484Only,sol-00027,high,low,False,0.3000,0.9000,-0.6000,0.9000,low,False
186,probe_checkpoints.withDefense484Only,sol-00031,low,low,True,0.1000,0.9000,-0.8000,0.9000,low,False
187,probe_checkpoints.withDefense484Only,sol-00040,low,high,False,0.9000,0.2000,+0.7000,0.9000,high,False
188,probe_checkpoints.withDefense484Only,sol-00047,high,low,False,0.3000,0.9000,-0.6000,0.9000,low,False
189,probe_checkpoints.withDefense484Only,sol-00051,high,low,False,0.2000,0.9000,-0.7000,0.9000,low,False
190,probe_checkpoints.withRegularGullibility,sol-00068,low,low,True,0.5000,0.9000,-0.4000,0.9000,low,False
191,probe_checkpoints.withDefense484Only,sol-00125,low,low,True,0.2000,0.9000,-0.7000,0.9000,low,False
192,probe_checkpoints.withRegularGullibility,sol-00125,high,low,False,0.3000,0.9000,-0.6000,0.9000,low,False
193,probe_checkpoints.withDefense484Only,sol-00182,high,low,False,0.3000,0.9000,-0.6000,0.9000,low,False
194,probe_checkpoints.withRegularGullibility,sol-00188,low,low,True,0.3000,0.9000,-0.6000,0.9000,low,False
195,probe_checkpoints.withDefense484Only,sol-00212,high,low,False,0.5000,0.9000,-0.4000,0.9000,low,False
196,probe_checkpoints.withDefense484Only,sol-00229,low,low,True,0.3000,0.9000,-0.6000,0.9000,low,False
197,probe_checkpoints.withDefense484Only,sol-00229,high,low,False,0.3000,0.9000,-0.6000,0.9000,low,False
198,probe_checkpoints.withDefense484Only,sol-00247,high,low,False,0.7500,0.9000,-0.1500,0.9000,low,False
199,probe_checkpoints.withRegularGullibility,sol-00276,high,low,False,0.5500,0.9000,-0.3500,0.9000,low,False
200,probe_checkpoints.withDefense484Only,sol-00327,low,low,True,0.1000,0.9000,-0.8000,0.9000,low,False
201,probe_checkpoints.withRegularGullibility,sol-00327,high,low,False,0.2500,0.9000,-0.6500,0.9000,low,False
202,probe_checkpoints.withDefense484Only,sol-00372,low,high,False,0.9000,0.7000,+0.2000,0.9000,high,False
203,probe_checkpoints.withRegularGullibility,sol-00004,high,low,False,0.7500,0.8500,-0.1000,0.8500,low,False
204,probe_checkpoints.withRegularGullibility,sol-00004,low,high,False,0.8500,0.7000,+0.1500,0.8500,high,False
205,probe_checkpoints.withDefense484Only,sol-00007,low,high,False,0.8500,0.7500,+0.1000,0.8500,high,False
206,probe_checkpoints.withDefense484Only,sol-00006,low,high,False,0.8500,0.2000,+0.6500,0.8500,high,False
207,probe_checkpoints.withDefense484Only,sol-00002,low,high,False,0.8500,0.4000,+0.4500,0.8500,high,False
208,probe_checkpoints.withDefense484Only,sol-00005,low,high,False,0.8500,0.7000,+0.1500,0.8500,high,False
209,probe_checkpoints.withRegularGullibility,sol-00008,low,high,False,0.8500,0.1500,+0.7000,0.8500,high,False
210,probe_checkpoints.withRegularGullibility,sol-00008,high,high,True,0.8500,0.1500,+0.7000,0.8500,high,False
211,probe_checkpoints.withDefense484Only,sol-00009,high,high,True,0.8500,0.3000,+0.5500,0.8500,high,False
212,probe_checkpoints.withDefense484Only,sol-00011,low,high,False,0.8500,0.3000,+0.5500,0.8500,high,False
213,probe_checkpoints.withRegularGullibility,sol-00011,low,high,False,0.8500,0.7000,+0.1500,0.8500,high,False
214,probe_checkpoints.withDefense484Only,sol-00012,low,high,False,0.8500,0.2000,+0.6500,0.8500,high,False
215,probe_checkpoints.withDefense484Only,sol-00013,low,high,False,0.8500,0.2000,+0.6500,0.8500,high,False
216,probe_checkpoints.withDefense484Only,sol-00015,low,high,False,0.8500,0.2000,+0.6500,0.8500,high,False
217,probe_checkpoints.withDefense484Only,sol-00016,low,high,False,0.8500,0.1500,+0.7000,0.8500,high,False
218,probe_checkpoints.withDefense484Only,sol-00018,low,high,False,0.8500,0.4000,+0.4500,0.8500,high,False
219,probe_checkpoints.withDefense484Only,sol-00021,low,high,False,0.8500,0.7000,+0.1500,0.8500,high,False
220,probe_checkpoints.withRegularGullibility,sol-00026,low,high,False,0.8500,0.5500,+0.3000,0.8500,high,False
221,probe_checkpoints.withDefense484Only,sol-00027,low,high,False,0.8500,0.2000,+0.6500,0.8500,high,False
222,probe_checkpoints.withRegularGullibility,sol-00027,high,low,False,0.2000,0.8500,-0.6500,0.8500,low,False
223,probe_checkpoints.withDefense484Only,sol-00029,low,high,False,0.8500,0.7000,+0.1500,0.8500,high,False
224,probe_checkpoints.withDefense484Only,sol-00029,high,low,False,0.5500,0.8500,-0.3000,0.8500,low,False
225,probe_checkpoints.withRegularGullibility,sol-00029,high,low,False,0.5500,0.8500,-0.3000,0.8500,low,False
226,probe_checkpoints.withDefense484Only,sol-00031,high,low,False,0.2000,0.8500,-0.6500,0.8500,low,False
227,probe_checkpoints.withRegularGullibility,sol-00031,high,low,False,0.3000,0.8500,-0.5500,0.8500,low,False
228,probe_checkpoints.withDefense484Only,sol-00032,high,low,False,0.7500,0.8500,-0.1000,0.8500,low,False
229,probe_checkpoints.withRegularGullibility,sol-00032,high,low,False,0.5500,0.8500,-0.3000,0.8500,low,False
230,probe_checkpoints.withDefense484Only,sol-00033,low,high,False,0.8500,0.3000,+0.5500,0.8500,high,False
231,probe_checkpoints.withDefense484Only,sol-00034,low,high,False,0.8500,0.6000,+0.2500,0.8500,high,False
232,probe_checkpoints.withRegularGullibility,sol-00034,low,low,True,0.7500,0.8500,-0.1000,0.8500,low,False
233,probe_checkpoints.withDefense484Only,sol-00035,low,high,False,0.8500,0.3000,+0.5500,0.8500,high,False
234,probe_checkpoints.withDefense484Only,sol-00036,low,high,False,0.8500,0.5500,+0.3000,0.8500,high,False
235,probe_checkpoints.withRegularGullibility,sol-00036,low,high,False,0.8500,0.5500,+0.3000,0.8500,high,False
236,probe_checkpoints.withDefense484Only,sol-00037,low,high,False,0.8500,0.1500,+0.7000,0.8500,high,False
237,probe_checkpoints.withRegularGullibility,sol-00037,low,high,False,0.8500,0.1500,+0.7000,0.8500,high,False
238,probe_checkpoints.withDefense484Only,sol-00038,low,high,False,0.8500,0.7000,+0.1500,0.8500,high,False
239,probe_checkpoints.withRegularGullibility,sol-00038,low,high,False,0.8500,0.7000,+0.1500,0.8500,high,False
240,probe_checkpoints.withRegularGullibility,sol-00039,low,low,True,0.7000,0.8500,-0.1500,0.8500,low,False
241,probe_checkpoints.withRegularGullibility,sol-00042,low,high,False,0.8500,0.7000,+0.1500,0.8500,high,False
242,probe_checkpoints.withDefense484Only,sol-00045,high,high,True,0.8500,0.7000,+0.1500,0.8500,high,False
243,probe_checkpoints.withRegularGullibility,sol-00045,low,high,False,0.8500,0.7000,+0.1500,0.8500,high,False
244,probe_checkpoints.withDefense484Only,sol-00047,low,high,False,0.8500,0.1000,+0.7500,0.8500,high,False
245,probe_checkpoints.withDefense484Only,sol-00048,low,high,False,0.8500,0.7000,+0.1500,0.8500,high,False
246,probe_checkpoints.withRegularGullibility,sol-00048,low,high,False,0.8500,0.7000,+0.1500,0.8500,high,False
247,probe_checkpoints.withRegularGullibility,sol-00049,low,high,False,0.8500,0.6000,+0.2500,0.8500,high,False
248,probe_checkpoints.withRegularGullibility,sol-00050,low,high,False,0.8500,0.3000,+0.5500,0.8500,high,False
249,probe_checkpoints.withRegularGullibility,sol-00051,low,low,True,0.7500,0.8500,-0.1000,0.8500,low,False
250,probe_checkpoints.withRegularGullibility,sol-00051,high,low,False,0.7500,0.8500,-0.1000,0.8500,low,False
251,probe_checkpoints.withDefense484Only,sol-00052,low,high,False,0.8500,0.5500,+0.3000,0.8500,high,False
252,probe_checkpoints.withRegularGullibility,sol-00052,low,high,False,0.8500,0.6000,+0.2500,0.8500,high,False
253,probe_checkpoints.withDefense484Only,sol-00056,low,high,False,0.8500,0.7000,+0.1500,0.8500,high,False
254,probe_checkpoints.withRegularGullibility,sol-00056,high,low,False,0.3000,0.8500,-0.5500,0.8500,low,False
255,probe_checkpoints.withRegularGullibility,sol-00057,low,high,False,0.8500,0.3000,+0.5500,0.8500,high,False
256,probe_checkpoints.withDefense484Only,sol-00058,high,low,False,0.1500,0.8500,-0.7000,0.8500,low,False
257,probe_checkpoints.withRegularGullibility,sol-00058,low,high,False,0.8500,0.3000,+0.5500,0.8500,high,False
258,probe_checkpoints.withRegularGullibility,sol-00059,low,low,True,0.3000,0.8500,-0.5500,0.8500,low,False
259,probe_checkpoints.withDefense484Only,sol-00060,low,high,False,0.8500,0.7000,+0.1500,0.8500,high,False
260,probe_checkpoints.withRegularGullibility,sol-00060,low,high,False,0.8500,0.8000,+0.0500,0.8500,high,False
261,probe_checkpoints.withDefense484Only,sol-00061,low,high,False,0.8500,0.5500,+0.3000,0.8500,high,False
262,probe_checkpoints.withRegularGullibility,sol-00061,low,high,False,0.8500,0.4000,+0.4500,0.8500,high,False
263,probe_checkpoints.withRegularGullibility,sol-00062,low,low,True,0.7500,0.8500,-0.1000,0.8500,low,False
264,probe_checkpoints.withRegularGullibility,sol-00064,low,high,False,0.8500,0.7000,+0.1500,0.8500,high,False
265,probe_checkpoints.withRegularGullibility,sol-00062,high,low,False,0.2000,0.8500,-0.6500,0.8500,low,False
266,probe_checkpoints.withRegularGullibility,sol-00063,low,high,False,0.8500,0.2000,+0.6500,0.8500,high,False
267,probe_checkpoints.withDefense484Only,sol-00063,low,high,False,0.8500,0.2000,+0.6500,0.8500,high,False
268,probe_checkpoints.withRegularGullibility,sol-00065,high,low,False,0.2500,0.8500,-0.6000,0.8500,low,False
269,probe_checkpoints.withDefense484Only,sol-00067,low,high,False,0.8500,0.7000,+0.1500,0.8500,high,False
270,probe_checkpoints.withRegularGullibility,sol-00067,low,high,False,0.8500,0.7000,+0.1500,0.8500,high,False
271,probe_checkpoints.withRegularGullibility,sol-00068,high,low,False,0.2500,0.8500,-0.6000,0.8500,low,False
272,probe_checkpoints.withDefense484Only,sol-00069,low,high,False,0.8500,0.4000,+0.4500,0.8500,high,False
273,probe_checkpoints.withRegularGullibility,sol-00069,low,high,False,0.8500,0.4500,+0.4000,0.8500,high,False
274,probe_checkpoints.withRegularGullibility,sol-00070,high,low,False,0.3000,0.8500,-0.5500,0.8500,low,False
275,probe_checkpoints.withDefense484Only,sol-00071,high,low,False,0.5500,0.8500,-0.3000,0.8500,low,False
276,probe_checkpoints.withDefense484Only,sol-00073,low,high,False,0.8500,0.7000,+0.1500,0.8500,high,False
277,probe_checkpoints.withRegularGullibility,sol-00073,low,high,False,0.8500,0.7000,+0.1500,0.8500,high,False
278,probe_checkpoints.withDefense484Only,sol-00074,low,high,False,0.8500,0.7000,+0.1500,0.8500,high,False
279,probe_checkpoints.withRegularGullibility,sol-00074,low,high,False,0.8500,0.7000,+0.1500,0.8500,high,False
280,probe_checkpoints.withDefense484Only,sol-00075,low,low,True,0.7000,0.8500,-0.1500,0.8500,low,False
281,probe_checkpoints.withRegularGullibility,sol-00075,low,high,False,0.8500,0.7000,+0.1500,0.8500,high,False
282,probe_checkpoints.withDefense484Only,sol-00076,low,low,True,0.2000,0.8500,-0.6500,0.8500,low,False
283,probe_checkpoints.withDefense484Only,sol-00076,high,low,False,0.5500,0.8500,-0.3000,0.8500,low,False
284,probe_checkpoints.withRegularGullibility,sol-00076,high,low,False,0.5500,0.8500,-0.3000,0.8500,low,False
285,probe_checkpoints.withDefense484Only,sol-00077,low,high,False,0.8500,0.1500,+0.7000,0.8500,high,False
286,probe_checkpoints.withDefense484Only,sol-00078,low,high,False,0.8500,0.4000,+0.4500,0.8500,high,False
287,probe_checkpoints.withRegularGullibility,sol-00078,low,high,False,0.8500,0.5000,+0.3500,0.8500,high,False
288,probe_checkpoints.withDefense484Only,sol-00079,low,high,False,0.8500,0.7000,+0.1500,0.8500,high,False
289,probe_checkpoints.withRegularGullibility,sol-00079,high,high,True,0.8500,0.2000,+0.6500,0.8500,high,False
290,probe_checkpoints.withDefense484Only,sol-00080,low,high,False,0.8500,0.2000,+0.6500,0.8500,high,False
291,probe_checkpoints.withRegularGullibility,sol-00080,low,high,False,0.8500,0.7000,+0.1500,0.8500,high,False
292,probe_checkpoints.withDefense484Only,sol-00081,low,high,False,0.8500,0.1500,+0.7000,0.8500,high,False
293,probe_checkpoints.withDefense484Only,sol-00083,low,high,False,0.8500,0.7000,+0.1500,0.8500,high,False
294,probe_checkpoints.withRegularGullibility,sol-00083,low,high,False,0.8500,0.8000,+0.0500,0.8500,high,False
295,probe_checkpoints.withDefense484Only,sol-00084,low,high,False,0.8500,0.1500,+0.7000,0.8500,high,False
296,probe_checkpoints.withRegularGullibility,sol-00084,low,high,False,0.8500,0.2000,+0.6500,0.8500,high,False
297,probe_checkpoints.withRegularGullibility,sol-00085,low,high,False,0.8500,0.2000,+0.6500,0.8500,high,False
298,probe_checkpoints.withDefense484Only,sol-00088,low,high,False,0.8500,0.7000,+0.1500,0.8500,high,False
299,probe_checkpoints.withDefense484Only,sol-00089,low,high,False,0.8500,0.2000,+0.6500,0.8500,high,False
300,probe_checkpoints.withRegularGullibility,sol-00089,low,high,False,0.8500,0.3000,+0.5500,0.8500,high,False
301,probe_checkpoints.withDefense484Only,sol-00090,high,high,True,0.8500,0.3000,+0.5500,0.8500,high,False
302,probe_checkpoints.withRegularGullibility,sol-00090,low,low,True,0.7000,0.8500,-0.1500,0.8500,low,False
303,probe_checkpoints.withDefense484Only,sol-00091,low,high,False,0.8500,0.2000,+0.6500,0.8500,high,False
304,probe_checkpoints.withDefense484Only,sol-00091,high,low,False,0.3000,0.8500,-0.5500,0.8500,low,False
305,probe_checkpoints.withRegularGullibility,sol-00091,low,high,False,0.8500,0.2000,+0.6500,0.8500,high,False
306,probe_checkpoints.withDefense484Only,sol-00092,low,low,True,0.4000,0.8500,-0.4500,0.8500,low,False
307,probe_checkpoints.withRegularGullibility,sol-00092,low,low,True,0.7500,0.8500,-0.1000,0.8500,low,False
308,probe_checkpoints.withRegularGullibility,sol-00093,low,high,False,0.8500,0.1500,+0.7000,0.8500,high,False
309,probe_checkpoints.withDefense484Only,sol-00094,low,high,False,0.8500,0.4000,+0.4500,0.8500,high,False
310,probe_checkpoints.withRegularGullibility,sol-00094,low,high,False,0.8500,0.6000,+0.2500,0.8500,high,False
311,probe_checkpoints.withRegularGullibility,sol-00094,high,high,True,0.8500,0.2000,+0.6500,0.8500,high,False
312,probe_checkpoints.withRegularGullibility,sol-00095,high,low,False,0.2000,0.8500,-0.6500,0.8500,low,False
313,probe_checkpoints.withDefense484Only,sol-00096,high,high,True,0.8500,0.1500,+0.7000,0.8500,high,False
314,probe_checkpoints.withDefense484Only,sol-00096,low,high,False,0.8500,0.2000,+0.6500,0.8500,high,False
315,probe_checkpoints.withRegularGullibility,sol-00096,low,high,False,0.8500,0.1500,+0.7000,0.8500,high,False
316,probe_checkpoints.withDefense484Only,sol-00098,high,low,False,0.7500,0.8500,-0.1000,0.8500,low,False
317,probe_checkpoints.withRegularGullibility,sol-00098,low,high,False,0.8500,0.5500,+0.3000,0.8500,high,False
318,probe_checkpoints.withDefense484Only,sol-00099,low,high,False,0.8500,0.5500,+0.3000,0.8500,high,False
319,probe_checkpoints.withRegularGullibility,sol-00099,low,high,False,0.8500,0.4000,+0.4500,0.8500,high,False
320,probe_checkpoints.withRegularGullibility,sol-00099,high,high,True,0.8500,0.7000,+0.1500,0.8500,high,False
321,probe_checkpoints.withRegularGullibility,sol-00102,low,high,False,0.8500,0.4000,+0.4500,0.8500,high,False
322,probe_checkpoints.withDefense484Only,sol-00103,low,high,False,0.8500,0.0000,+0.8500,0.8500,high,False
323,probe_checkpoints.withRegularGullibility,sol-00103,high,low,False,0.7500,0.8500,-0.1000,0.8500,low,False
324,probe_checkpoints.withDefense484Only,sol-00104,low,high,False,0.8500,0.2000,+0.6500,0.8500,high,False
325,probe_checkpoints.withDefense484Only,sol-00104,high,high,True,0.8500,0.4000,+0.4500,0.8500,high,False
326,probe_checkpoints.withRegularGullibility,sol-00104,low,high,False,0.8500,0.2000,+0.6500,0.8500,high,False
327,probe_checkpoints.withRegularGullibility,sol-00104,high,high,True,0.8500,0.2000,+0.6500,0.8500,high,False
328,probe_checkpoints.withRegularGullibility,sol-00106,low,high,False,0.8500,0.7000,+0.1500,0.8500,high,False
329,probe_checkpoints.withDefense484Only,sol-00108,low,high,False,0.8500,0.2000,+0.6500,0.8500,high,False
330,probe_checkpoints.withRegularGullibility,sol-00108,low,low,True,0.7500,0.8500,-0.1000,0.8500,low,False
331,probe_checkpoints.withDefense484Only,sol-00109,low,high,False,0.8500,0.7000,+0.1500,0.8500,high,False
332,probe_checkpoints.withRegularGullibility,sol-00109,low,high,False,0.8500,0.8000,+0.0500,0.8500,high,False
333,probe_checkpoints.withDefense484Only,sol-00110,low,high,False,0.8500,0.2000,+0.6500,0.8500,high,False
334,probe_checkpoints.withRegularGullibility,sol-00110,low,high,False,0.8500,0.7000,+0.1500,0.8500,high,False
335,probe_checkpoints.withRegularGullibility,sol-00110,high,high,True,0.8500,0.2000,+0.6500,0.8500,high,False
336,probe_checkpoints.withDefense484Only,sol-00111,low,high,False,0.8500,0.2000,+0.6500,0.8500,high,False
337,probe_checkpoints.withRegularGullibility,sol-00111,low,high,False,0.8500,0.3000,+0.5500,0.8500,high,False
338,probe_checkpoints.withDefense484Only,sol-00115,low,high,False,0.8500,0.7000,+0.1500,0.8500,high,False
339,probe_checkpoints.withRegularGullibility,sol-00115,low,high,False,0.8500,0.7000,+0.1500,0.8500,high,False
340,probe_checkpoints.withDefense484Only,sol-00116,low,high,False,0.8500,0.3000,+0.5500,0.8500,high,False
341,probe_checkpoints.withDefense484Only,sol-00117,low,high,False,0.8500,0.5000,+0.3500,0.8500,high,False
342,probe_checkpoints.withDefense484Only,sol-00117,high,high,True,0.8500,0.2000,+0.6500,0.8500,high,False
343,probe_checkpoints.withRegularGullibility,sol-00117,low,high,False,0.8500,0.5500,+0.3000,0.8500,high,False
344,probe_checkpoints.withRegularGullibility,sol-00117,high,high,True,0.8500,0.3000,+0.5500,0.8500,high,False
345,probe_checkpoints.withDefense484Only,sol-00118,low,high,False,0.8500,0.5500,+0.3000,0.8500,high,False
346,probe_checkpoints.withDefense484Only,sol-00118,high,high,True,0.8500,0.5500,+0.3000,0.8500,high,False
347,probe_checkpoints.withRegularGullibility,sol-00118,low,high,False,0.8500,0.7000,+0.1500,0.8500,high,False
348,probe_checkpoints.withRegularGullibility,sol-00119,low,high,False,0.8500,0.3000,+0.5500,0.8500,high,False
349,probe_checkpoints.withDefense484Only,sol-00120,low,high,False,0.8500,0.4000,+0.4500,0.8500,high,False
350,probe_checkpoints.withRegularGullibility,sol-00120,low,high,False,0.8500,0.3000,+0.5500,0.8500,high,False
351,probe_checkpoints.withRegularGullibility,sol-00120,high,low,False,0.1500,0.8500,-0.7000,0.8500,low,False
352,probe_checkpoints.withDefense484Only,sol-00121,low,high,False,0.8500,0.7000,+0.1500,0.8500,high,False
353,probe_checkpoints.withRegularGullibility,sol-00121,low,high,False,0.8500,0.7000,+0.1500,0.8500,high,False
354,probe_checkpoints.withRegularGullibility,sol-00122,low,high,False,0.8500,0.7000,+0.1500,0.8500,high,False
355,probe_checkpoints.withRegularGullibility,sol-00122,high,high,True,0.8500,0.7000,+0.1500,0.8500,high,False
356,probe_checkpoints.withDefense484Only,sol-00124,high,low,False,0.7500,0.8500,-0.1000,0.8500,low,False
357,probe_checkpoints.withDefense484Only,sol-00127,low,high,False,0.8500,0.1500,+0.7000,0.8500,high,False
358,probe_checkpoints.withRegularGullibility,sol-00127,low,high,False,0.8500,0.2000,+0.6500,0.8500,high,False
359,probe_checkpoints.withDefense484Only,sol-00128,low,high,False,0.8500,0.2000,+0.6500,0.8500,high,False
360,probe_checkpoints.withDefense484Only,sol-00129,low,high,False,0.8500,0.2000,+0.6500,0.8500,high,False
361,probe_checkpoints.withDefense484Only,sol-00129,high,high,True,0.8500,0.7000,+0.1500,0.8500,high,False
362,probe_checkpoints.withRegularGullibility,sol-00129,low,high,False,0.8500,0.2000,+0.6500,0.8500,high,False
363,probe_checkpoints.withRegularGullibility,sol-00129,high,low,False,0.2000,0.8500,-0.6500,0.8500,low,False
364,probe_checkpoints.withRegularGullibility,sol-00130,low,high,False,0.8500,0.3000,+0.5500,0.8500,high,False
365,probe_checkpoints.withDefense484Only,sol-00132,low,high,False,0.8500,0.1500,+0.7000,0.8500,high,False
366,probe_checkpoints.withDefense484Only,sol-00133,low,high,False,0.8500,0.7000,+0.1500,0.8500,high,False
367,probe_checkpoints.withDefense484Only,sol-00133,high,high,True,0.8500,0.2000,+0.6500,0.8500,high,False
368,probe_checkpoints.withDefense484Only,sol-00134,low,high,False,0.8500,0.2000,+0.6500,0.8500,high,False
369,probe_checkpoints.withDefense484Only,sol-00134,high,low,False,0.2000,0.8500,-0.6500,0.8500,low,False
370,probe_checkpoints.withRegularGullibility,sol-00134,low,high,False,0.8500,0.2000,+0.6500,0.8500,high,False
371,probe_checkpoints.withDefense484Only,sol-00135,low,high,False,0.8500,0.1500,+0.7000,0.8500,high,False
372,probe_checkpoints.withRegularGullibility,sol-00135,low,high,False,0.8500,0.2000,+0.6500,0.8500,high,False
373,probe_checkpoints.withDefense484Only,sol-00136,low,high,False,0.8500,0.7000,+0.1500,0.8500,high,False
374,probe_checkpoints.withDefense484Only,sol-00137,low,high,False,0.8500,0.1500,+0.7000,0.8500,high,False
375,probe_checkpoints.withDefense484Only,sol-00137,high,high,True,0.8500,0.2000,+0.6500,0.8500,high,False
376,probe_checkpoints.withRegularGullibility,sol-00137,low,high,False,0.8500,0.1500,+0.7000,0.8500,high,False
377,probe_checkpoints.withRegularGullibility,sol-00138,high,high,True,0.8500,0.2000,+0.6500,0.8500,high,False
378,probe_checkpoints.withDefense484Only,sol-00139,low,high,False,0.8500,0.7000,+0.1500,0.8500,high,False
379,probe_checkpoints.withRegularGullibility,sol-00139,low,high,False,0.8500,0.7000,+0.1500,0.8500,high,False
380,probe_checkpoints.withDefense484Only,sol-00141,low,high,False,0.8500,0.6000,+0.2500,0.8500,high,False
381,probe_checkpoints.withRegularGullibility,sol-00141,low,high,False,0.8500,0.6000,+0.2500,0.8500,high,False
382,probe_checkpoints.withRegularGullibility,sol-00141,high,high,True,0.8500,0.4000,+0.4500,0.8500,high,False
383,probe_checkpoints.withDefense484Only,sol-00142,low,high,False,0.8500,0.2000,+0.6500,0.8500,high,False
384,probe_checkpoints.withDefense484Only,sol-00144,low,high,False,0.8500,0.2000,+0.6500,0.8500,high,False
385,probe_checkpoints.withRegularGullibility,sol-00144,low,high,False,0.8500,0.2000,+0.6500,0.8500,high,False
386,probe_checkpoints.withDefense484Only,sol-00146,low,high,False,0.8500,0.2000,+0.6500,0.8500,high,False
387,probe_checkpoints.withRegularGullibility,sol-00146,low,high,False,0.8500,0.3000,+0.5500,0.8500,high,False
388,probe_checkpoints.withRegularGullibility,sol-00146,high,high,True,0.8500,0.3000,+0.5500,0.8500,high,False
389,probe_checkpoints.withDefense484Only,sol-00147,low,high,False,0.8500,0.2000,+0.6500,0.8500,high,False
390,probe_checkpoints.withRegularGullibility,sol-00147,low,high,False,0.8500,0.2000,+0.6500,0.8500,high,False
391,probe_checkpoints.withDefense484Only,sol-00148,low,high,False,0.8500,0.2000,+0.6500,0.8500,high,False
392,probe_checkpoints.withDefense484Only,sol-00150,low,high,False,0.8500,0.2000,+0.6500,0.8500,high,False
393,probe_checkpoints.withRegularGullibility,sol-00150,low,high,False,0.8500,0.2000,+0.6500,0.8500,high,False
394,probe_checkpoints.withRegularGullibility,sol-00151,low,high,False,0.8500,0.2000,+0.6500,0.8500,high,False
395,probe_checkpoints.withRegularGullibility,sol-00152,high,high,True,0.8500,0.8000,+0.0500,0.8500,high,False
396,probe_checkpoints.withDefense484Only,sol-00153,low,high,False,0.8500,0.7000,+0.1500,0.8500,high,False
397,probe_checkpoints.withRegularGullibility,sol-00153,low,high,False,0.8500,0.3000,+0.5500,0.8500,high,False
398,probe_checkpoints.withRegularGullibility,sol-00154,low,high,False,0.8500,0.2000,+0.6500,0.8500,high,False
399,probe_checkpoints.withDefense484Only,sol-00155,low,high,False,0.8500,0.7000,+0.1500,0.8500,high,False
400,probe_checkpoints.withDefense484Only,sol-00155,high,high,True,0.8500,0.8000,+0.0500,0.8500,high,False
401,probe_checkpoints.withRegularGullibility,sol-00155,low,high,False,0.8500,0.7000,+0.1500,0.8500,high,False
402,probe_checkpoints.withRegularGullibility,sol-00155,high,low,False,0.7500,0.8500,-0.1000,0.8500,low,False
403,probe_checkpoints.withRegularGullibility,sol-00157,high,high,True,0.8500,0.3000,+0.5500,0.8500,high,False
404,probe_checkpoints.withDefense484Only,sol-00158,low,high,False,0.8500,0.2000,+0.6500,0.8500,high,False
405,probe_checkpoints.withDefense484Only,sol-00158,high,high,True,0.8500,0.2000,+0.6500,0.8500,high,False
406,probe_checkpoints.withDefense484Only,sol-00160,low,high,False,0.8500,0.1500,+0.7000,0.8500,high,False
407,probe_checkpoints.withDefense484Only,sol-00160,high,low,False,0.3000,0.8500,-0.5500,0.8500,low,False
408,probe_checkpoints.withDefense484Only,sol-00161,low,high,False,0.8500,0.5500,+0.3000,0.8500,high,False
409,probe_checkpoints.withRegularGullibility,sol-00161,low,high,False,0.8500,0.3000,+0.5500,0.8500,high,False
410,probe_checkpoints.withDefense484Only,sol-00162,low,high,False,0.8500,0.2000,+0.6500,0.8500,high,False
411,probe_checkpoints.withDefense484Only,sol-00164,low,low,True,0.7500,0.8500,-0.1000,0.8500,low,False
412,probe_checkpoints.withRegularGullibility,sol-00164,low,high,False,0.8500,0.7000,+0.1500,0.8500,high,False
413,probe_checkpoints.withRegularGullibility,sol-00164,high,low,False,0.7000,0.8500,-0.1500,0.8500,low,False
414,probe_checkpoints.withDefense484Only,sol-00165,low,high,False,0.8500,0.2000,+0.6500,0.8500,high,False
415,probe_checkpoints.withDefense484Only,sol-00166,low,low,True,0.7500,0.8500,-0.1000,0.8500,low,False
416,probe_checkpoints.withDefense484Only,sol-00166,high,low,False,0.1500,0.8500,-0.7000,0.8500,low,False
417,probe_checkpoints.withDefense484Only,sol-00167,low,high,False,0.8500,0.3000,+0.5500,0.8500,high,False
418,probe_checkpoints.withDefense484Only,sol-00168,low,high,False,0.8500,0.1500,+0.7000,0.8500,high,False
419,probe_checkpoints.withDefense484Only,sol-00169,low,low,True,0.7500,0.8500,-0.1000,0.8500,low,False
420,probe_checkpoints.withRegularGullibility,sol-00169,high,low,False,0.2500,0.8500,-0.6000,0.8500,low,False
421,probe_checkpoints.withDefense484Only,sol-00171,low,high,False,0.8500,0.1500,+0.7000,0.8500,high,False
422,probe_checkpoints.withRegularGullibility,sol-00171,low,high,False,0.8500,0.2000,+0.6500,0.8500,high,False
423,probe_checkpoints.withDefense484Only,sol-00172,low,high,False,0.8500,0.2000,+0.6500,0.8500,high,False
424,probe_checkpoints.withDefense484Only,sol-00173,low,high,False,0.8500,0.4000,+0.4500,0.8500,high,False
425,probe_checkpoints.withDefense484Only,sol-00174,low,high,False,0.8500,0.2000,+0.6500,0.8500,high,False
426,probe_checkpoints.withDefense484Only,sol-00175,high,low,False,0.7000,0.8500,-0.1500,0.8500,low,False
427,probe_checkpoints.withRegularGullibility,sol-00175,high,low,False,0.7500,0.8500,-0.1000,0.8500,low,False
428,probe_checkpoints.withDefense484Only,sol-00176,low,high,False,0.8500,0.7000,+0.1500,0.8500,high,False
429,probe_checkpoints.withRegularGullibility,sol-00176,low,high,False,0.8500,0.7000,+0.1500,0.8500,high,False
430,probe_checkpoints.withRegularGullibility,sol-00176,high,low,False,0.5500,0.8500,-0.3000,0.8500,low,False
431,probe_checkpoints.withDefense484Only,sol-00177,low,high,False,0.8500,0.2000,+0.6500,0.8500,high,False
432,probe_checkpoints.withRegularGullibility,sol-00177,low,high,False,0.8500,0.2000,+0.6500,0.8500,high,False
433,probe_checkpoints.withRegularGullibility,sol-00178,high,low,False,0.2000,0.8500,-0.6500,0.8500,low,False
434,probe_checkpoints.withRegularGullibility,sol-00179,low,high,False,0.8500,0.7000,+0.1500,0.8500,high,False
435,probe_checkpoints.withDefense484Only,sol-00181,high,high,True,0.8500,0.5500,+0.3000,0.8500,high,False
436,probe_checkpoints.withRegularGullibility,sol-00182,low,high,False,0.8500,0.3000,+0.5500,0.8500,high,False
437,probe_checkpoints.withRegularGullibility,sol-00183,low,low,True,0.7000,0.8500,-0.1500,0.8500,low,False
438,probe_checkpoints.withDefense484Only,sol-00184,low,high,False,0.8500,0.6000,+0.2500,0.8500,high,False
439,probe_checkpoints.withRegularGullibility,sol-00184,low,high,False,0.8500,0.3000,+0.5500,0.8500,high,False
440,probe_checkpoints.withRegularGullibility,sol-00185,high,low,False,0.3000,0.8500,-0.5500,0.8500,low,False
441,probe_checkpoints.withDefense484Only,sol-00186,high,low,False,0.2000,0.8500,-0.6500,0.8500,low,False
442,probe_checkpoints.withRegularGullibility,sol-00186,low,low,True,0.2000,0.8500,-0.6500,0.8500,low,False
443,probe_checkpoints.withDefense484Only,sol-00187,low,high,False,0.8500,0.2000,+0.6500,0.8500,high,False
444,probe_checkpoints.withDefense484Only,sol-00189,high,low,False,0.7500,0.8500,-0.1000,0.8500,low,False
445,probe_checkpoints.withDefense484Only,sol-00190,low,high,False,0.8500,0.7000,+0.1500,0.8500,high,False
446,probe_checkpoints.withRegularGullibility,sol-00190,low,high,False,0.8500,0.3000,+0.5500,0.8500,high,False
447,probe_checkpoints.withRegularGullibility,sol-00190,high,low,False,0.2000,0.8500,-0.6500,0.8500,low,False
448,probe_checkpoints.withDefense484Only,sol-00191,low,high,False,0.8500,0.3000,+0.5500,0.8500,high,False
449,probe_checkpoints.withRegularGullibility,sol-00191,low,high,False,0.8500,0.4000,+0.4500,0.8500,high,False
450,probe_checkpoints.withRegularGullibility,sol-00191,high,high,True,0.8500,0.3000,+0.5500,0.8500,high,False
451,probe_checkpoints.withDefense484Only,sol-00192,low,high,False,0.8500,0.7000,+0.1500,0.8500,high,False
452,probe_checkpoints.withRegularGullibility,sol-00192,low,high,False,0.8500,0.7000,+0.1500,0.8500,high,False
453,probe_checkpoints.withRegularGullibility,sol-00192,high,low,False,0.5500,0.8500,-0.3000,0.8500,low,False
454,probe_checkpoints.withDefense484Only,sol-00193,low,high,False,0.8500,0.3000,+0.5500,0.8500,high,False
455,probe_checkpoints.withRegularGullibility,sol-00193,low,high,False,0.8500,0.5500,+0.3000,0.8500,high,False
456,probe_checkpoints.withDefense484Only,sol-00194,low,high,False,0.8500,0.2000,+0.6500,0.8500,high,False
457,probe_checkpoints.withDefense484Only,sol-00195,low,high,False,0.8500,0.7000,+0.1500,0.8500,high,False
458,probe_checkpoints.withRegularGullibility,sol-00195,low,high,False,0.8500,0.7000,+0.1500,0.8500,high,False
459,probe_checkpoints.withRegularGullibility,sol-00195,high,low,False,0.2500,0.8500,-0.6000,0.8500,low,False
460,probe_checkpoints.withRegularGullibility,sol-00196,high,low,False,0.3000,0.8500,-0.5500,0.8500,low,False
461,probe_checkpoints.withDefense484Only,sol-00197,low,high,False,0.8500,0.6500,+0.2000,0.8500,high,False
462,probe_checkpoints.withDefense484Only,sol-00198,low,high,False,0.8500,0.7000,+0.1500,0.8500,high,False
463,probe_checkpoints.withRegularGullibility,sol-00199,low,low,True,0.7000,0.8500,-0.1500,0.8500,low,False
464,probe_checkpoints.withRegularGullibility,sol-00199,high,low,False,0.7500,0.8500,-0.1000,0.8500,low,False
465,probe_checkpoints.withDefense484Only,sol-00200,low,high,False,0.8500,0.7000,+0.1500,0.8500,high,False
466,probe_checkpoints.withRegularGullibility,sol-00200,low,high,False,0.8500,0.7000,+0.1500,0.8500,high,False
467,probe_checkpoints.withRegularGullibility,sol-00203,low,high,False,0.8500,0.7000,+0.1500,0.8500,high,False
468,probe_checkpoints.withRegularGullibility,sol-00203,high,high,True,0.8500,0.7000,+0.1500,0.8500,high,False
469,probe_checkpoints.withDefense484Only,sol-00204,low,high,False,0.8500,0.2000,+0.6500,0.8500,high,False
470,probe_checkpoints.withRegularGullibility,sol-00204,low,high,False,0.8500,0.7000,+0.1500,0.8500,high,False
471,probe_checkpoints.withRegularGullibility,sol-00205,low,high,False,0.8500,0.2000,+0.6500,0.8500,high,False
472,probe_checkpoints.withDefense484Only,sol-00206,high,low,False,0.7500,0.8500,-0.1000,0.8500,low,False
473,probe_checkpoints.withDefense484Only,sol-00207,low,high,False,0.8500,0.2000,+0.6500,0.8500,high,False
474,probe_checkpoints.withDefense484Only,sol-00210,low,high,False,0.8500,0.2000,+0.6500,0.8500,high,False
475,probe_checkpoints.withRegularGullibility,sol-00210,low,high,False,0.8500,0.7000,+0.1500,0.8500,high,False
476,probe_checkpoints.withDefense484Only,sol-00211,low,high,False,0.8500,0.2000,+0.6500,0.8500,high,False
477,probe_checkpoints.withDefense484Only,sol-00214,low,high,False,0.8500,0.3000,+0.5500,0.8500,high,False
478,probe_checkpoints.withRegularGullibility,sol-00214,low,high,False,0.8500,0.3000,+0.5500,0.8500,high,False
479,probe_checkpoints.withDefense484Only,sol-00215,low,high,False,0.8500,0.4000,+0.4500,0.8500,high,False
480,probe_checkpoints.withRegularGullibility,sol-00215,low,high,False,0.8500,0.4000,+0.4500,0.8500,high,False
481,probe_checkpoints.withDefense484Only,sol-00216,low,high,False,0.8500,0.5500,+0.3000,0.8500,high,False
482,probe_checkpoints.withRegularGullibility,sol-00216,low,high,False,0.8500,0.5500,+0.3000,0.8500,high,False
483,probe_checkpoints.withDefense484Only,sol-00218,low,high,False,0.8500,0.2000,+0.6500,0.8500,high,False
484,probe_checkpoints.withRegularGullibility,sol-00218,low,high,False,0.8500,0.5500,+0.3000,0.8500,high,False
485,probe_checkpoints.withDefense484Only,sol-00219,low,low,True,0.7000,0.8500,-0.1500,0.8500,low,False
486,probe_checkpoints.withDefense484Only,sol-00219,high,low,False,0.2000,0.8500,-0.6500,0.8500,low,False
487,probe_checkpoints.withRegularGullibility,sol-00219,low,low,True,0.7000,0.8500,-0.1500,0.8500,low,False
488,probe_checkpoints.withRegularGullibility,sol-00219,high,low,False,0.2000,0.8500,-0.6500,0.8500,low,False
489,probe_checkpoints.withDefense484Only,sol-00220,low,high,False,0.8500,0.4000,+0.4500,0.8500,high,False
490,probe_checkpoints.withRegularGullibility,sol-00220,low,high,False,0.8500,0.6000,+0.2500,0.8500,high,False
491,probe_checkpoints.withDefense484Only,sol-00221,high,high,True,0.8500,0.1500,+0.7000,0.8500,high,False
492,probe_checkpoints.withRegularGullibility,sol-00221,low,high,False,0.8500,0.2000,+0.6500,0.8500,high,False
493,probe_checkpoints.withDefense484Only,sol-00222,low,high,False,0.8500,0.5500,+0.3000,0.8500,high,False
494,probe_checkpoints.withRegularGullibility,sol-00222,low,high,False,0.8500,0.2000,+0.6500,0.8500,high,False
495,probe_checkpoints.withRegularGullibility,sol-00223,low,high,False,0.8500,0.6000,+0.2500,0.8500,high,False
496,probe_checkpoints.withRegularGullibility,sol-00223,high,low,False,0.2000,0.8500,-0.6500,0.8500,low,False
497,probe_checkpoints.withDefense484Only,sol-00224,high,high,True,0.8500,0.7000,+0.1500,0.8500,high,False
498,probe_checkpoints.withRegularGullibility,sol-00224,low,high,False,0.8500,0.7000,+0.1500,0.8500,high,False
499,probe_checkpoints.withDefense484Only,sol-00225,low,high,False,0.8500,0.1500,+0.7000,0.8500,high,False
500,probe_checkpoints.withDefense484Only,sol-00225,high,low,False,0.7500,0.8500,-0.1000,0.8500,low,False
501,probe_checkpoints.withDefense484Only,sol-00227,low,high,False,0.8500,0.1500,+0.7000,0.8500,high,False
502,probe_checkpoints.withDefense484Only,sol-00228,low,low,True,0.3000,0.8500,-0.5500,0.8500,low,False
503,probe_checkpoints.withRegularGullibility,sol-00228,low,high,False,0.8500,0.5000,+0.3500,0.8500,high,False
504,probe_checkpoints.withRegularGullibility,sol-00229,high,low,False,0.7500,0.8500,-0.1000,0.8500,low,False
505,probe_checkpoints.withDefense484Only,sol-00230,low,high,False,0.8500,0.4000,+0.4500,0.8500,high,False
506,probe_checkpoints.withRegularGullibility,sol-00230,low,high,False,0.8500,0.3000,+0.5500,0.8500,high,False
507,probe_checkpoints.withDefense484Only,sol-00231,low,high,False,0.8500,0.7000,+0.1500,0.8500,high,False
508,probe_checkpoints.withRegularGullibility,sol-00231,low,high,False,0.8500,0.7000,+0.1500,0.8500,high,False
509,probe_checkpoints.withRegularGullibility,sol-00232,low,high,False,0.8500,0.5000,+0.3500,0.8500,high,False
510,probe_checkpoints.withRegularGullibility,sol-00232,high,high,True,0.8500,0.3000,+0.5500,0.8500,high,False
511,probe_checkpoints.withDefense484Only,sol-00233,low,high,False,0.8500,0.3000,+0.5500,0.8500,high,False
512,probe_checkpoints.withRegularGullibility,sol-00233,low,low,True,0.7500,0.8500,-0.1000,0.8500,low,False
513,probe_checkpoints.withRegularGullibility,sol-00233,high,low,False,0.4500,0.8500,-0.4000,0.8500,low,False
514,probe_checkpoints.withRegularGullibility,sol-00234,high,low,False,0.2500,0.8500,-0.6000,0.8500,low,False
515,probe_checkpoints.withRegularGullibility,sol-00235,low,high,False,0.8500,0.1500,+0.7000,0.8500,high,False
516,probe_checkpoints.withDefense484Only,sol-00236,low,high,False,0.8500,0.2000,+0.6500,0.8500,high,False
517,probe_checkpoints.withRegularGullibility,sol-00236,low,high,False,0.8500,0.5500,+0.3000,0.8500,high,False
518,probe_checkpoints.withDefense484Only,sol-00237,low,high,False,0.8500,0.3000,+0.5500,0.8500,high,False
519,probe_checkpoints.withRegularGullibility,sol-00237,low,high,False,0.8500,0.7000,+0.1500,0.8500,high,False
520,probe_checkpoints.withDefense484Only,sol-00238,low,high,False,0.8500,0.2000,+0.6500,0.8500,high,False
521,probe_checkpoints.withDefense484Only,sol-00238,high,high,True,0.8500,0.2000,+0.6500,0.8500,high,False
522,probe_checkpoints.withRegularGullibility,sol-00238,low,high,False,0.8500,0.2000,+0.6500,0.8500,high,False
523,probe_checkpoints.withDefense484Only,sol-00239,low,high,False,0.8500,0.4000,+0.4500,0.8500,high,False
524,probe_checkpoints.withDefense484Only,sol-00240,low,high,False,0.8500,0.7000,+0.1500,0.8500,high,False
525,probe_checkpoints.withRegularGullibility,sol-00240,low,high,False,0.8500,0.7000,+0.1500,0.8500,high,False
526,probe_checkpoints.withDefense484Only,sol-00241,low,high,False,0.8500,0.4000,+0.4500,0.8500,high,False
527,probe_checkpoints.withRegularGullibility,sol-00241,low,high,False,0.8500,0.7000,+0.1500,0.8500,high,False
528,probe_checkpoints.withRegularGullibility,sol-00243,low,low,True,0.7000,0.8500,-0.1500,0.8500,low,False
529,probe_checkpoints.withRegularGullibility,sol-00243,high,low,False,0.7500,0.8500,-0.1000,0.8500,low,False
530,probe_checkpoints.withDefense484Only,sol-00244,low,high,False,0.8500,0.3000,+0.5500,0.8500,high,False
531,probe_checkpoints.withDefense484Only,sol-00245,low,high,False,0.8500,0.7000,+0.1500,0.8500,high,False
532,probe_checkpoints.withRegularGullibility,sol-00247,high,low,False,0.3000,0.8500,-0.5500,0.8500,low,False
533,probe_checkpoints.withRegularGullibility,sol-00249,low,high,False,0.8500,0.2000,+0.6500,0.8500,high,False
534,probe_checkpoints.withDefense484Only,sol-00250,low,high,False,0.8500,0.1500,+0.7000,0.8500,high,False
535,probe_checkpoints.withRegularGullibility,sol-00251,low,high,False,0.8500,0.4000,+0.4500,0.8500,high,False
536,probe_checkpoints.withRegularGullibility,sol-00252,low,high,False,0.8500,0.1500,+0.7000,0.8500,high,False
537,probe_checkpoints.withDefense484Only,sol-00254,high,low,False,0.1500,0.8500,-0.7000,0.8500,low,False
538,probe_checkpoints.withDefense484Only,sol-00256,low,high,False,0.8500,0.6000,+0.2500,0.8500,high,False
539,probe_checkpoints.withRegularGullibility,sol-00256,low,high,False,0.8500,0.3000,+0.5500,0.8500,high,False
540,probe_checkpoints.withDefense484Only,sol-00257,low,high,False,0.8500,0.8000,+0.0500,0.8500,high,False
541,probe_checkpoints.withRegularGullibility,sol-00257,high,low,False,0.4500,0.8500,-0.4000,0.8500,low,False
542,probe_checkpoints.withDefense484Only,sol-00258,low,high,False,0.8500,0.7000,+0.1500,0.8500,high,False
543,probe_checkpoints.withDefense484Only,sol-00258,high,high,True,0.8500,0.2000,+0.6500,0.8500,high,False
544,probe_checkpoints.withRegularGullibility,sol-00258,low,high,False,0.8500,0.7000,+0.1500,0.8500,high,False
545,probe_checkpoints.withDefense484Only,sol-00259,high,low,False,0.1500,0.8500,-0.7000,0.8500,low,False
546,probe_checkpoints.withRegularGullibility,sol-00259,low,high,False,0.8500,0.7000,+0.1500,0.8500,high,False
547,probe_checkpoints.withDefense484Only,sol-00260,low,high,False,0.8500,0.6000,+0.2500,0.8500,high,False
548,probe_checkpoints.withRegularGullibility,sol-00260,low,high,False,0.8500,0.6000,+0.2500,0.8500,high,False
549,probe_checkpoints.withDefense484Only,sol-00262,low,high,False,0.8500,0.7000,+0.1500,0.8500,high,False
550,probe_checkpoints.withRegularGullibility,sol-00262,low,high,False,0.8500,0.7000,+0.1500,0.8500,high,False
551,probe_checkpoints.withDefense484Only,sol-00263,low,high,False,0.8500,0.2000,+0.6500,0.8500,high,False
552,probe_checkpoints.withRegularGullibility,sol-00263,low,high,False,0.8500,0.4000,+0.4500,0.8500,high,False
553,probe_checkpoints.withDefense484Only,sol-00264,low,high,False,0.8500,0.6000,+0.2500,0.8500,high,False
554,probe_checkpoints.withDefense484Only,sol-00265,low,high,False,0.8500,0.3000,+0.5500,0.8500,high,False
555,probe_checkpoints.withRegularGullibility,sol-00265,low,high,False,0.8500,0.2000,+0.6500,0.8500,high,False
556,probe_checkpoints.withRegularGullibility,sol-00266,low,high,False,0.8500,0.2000,+0.6500,0.8500,high,False
557,probe_checkpoints.withRegularGullibility,sol-00266,high,low,False,0.1500,0.8500,-0.7000,0.8500,low,False
558,probe_checkpoints.withDefense484Only,sol-00267,low,high,False,0.8500,0.1500,+0.7000,0.8500,high,False
559,probe_checkpoints.withRegularGullibility,sol-00267,low,high,False,0.8500,0.2000,+0.6500,0.8500,high,False
560,probe_checkpoints.withDefense484Only,sol-00268,low,high,False,0.8500,0.2000,+0.6500,0.8500,high,False
561,probe_checkpoints.withRegularGullibility,sol-00268,low,high,False,0.8500,0.1500,+0.7000,0.8500,high,False
562,probe_checkpoints.withDefense484Only,sol-00269,low,high,False,0.8500,0.2000,+0.6500,0.8500,high,False
563,probe_checkpoints.withRegularGullibility,sol-00269,low,high,False,0.8500,0.7000,+0.1500,0.8500,high,False
564,probe_checkpoints.withDefense484Only,sol-00270,high,high,True,0.8500,0.2000,+0.6500,0.8500,high,False
565,probe_checkpoints.withRegularGullibility,sol-00270,low,high,False,0.8500,0.5500,+0.3000,0.8500,high,False
566,probe_checkpoints.withDefense484Only,sol-00273,low,high,False,0.8500,0.3000,+0.5500,0.8500,high,False
567,probe_checkpoints.withRegularGullibility,sol-00271,low,high,False,0.8500,0.4000,+0.4500,0.8500,high,False
568,probe_checkpoints.withRegularGullibility,sol-00273,low,high,False,0.8500,0.4000,+0.4500,0.8500,high,False
569,probe_checkpoints.withDefense484Only,sol-00274,low,high,False,0.8500,0.2000,+0.6500,0.8500,high,False
570,probe_checkpoints.withRegularGullibility,sol-00274,low,high,False,0.8500,0.2000,+0.6500,0.8500,high,False
571,probe_checkpoints.withRegularGullibility,sol-00275,low,high,False,0.8500,0.7000,+0.1500,0.8500,high,False
572,probe_checkpoints.withDefense484Only,sol-00276,low,low,True,0.7500,0.8500,-0.1000,0.8500,low,False
573,probe_checkpoints.withDefense484Only,sol-00276,high,low,False,0.7500,0.8500,-0.1000,0.8500,low,False
574,probe_checkpoints.withRegularGullibility,sol-00276,low,low,True,0.1500,0.8500,-0.7000,0.8500,low,False
575,probe_checkpoints.withRegularGullibility,sol-00277,high,low,False,0.2000,0.8500,-0.6500,0.8500,low,False
576,probe_checkpoints.withRegularGullibility,sol-00279,high,high,True,0.8500,0.4000,+0.4500,0.8500,high,False
577,probe_checkpoints.withRegularGullibility,sol-00280,low,low,True,0.3000,0.8500,-0.5500,0.8500,low,False
578,probe_checkpoints.withRegularGullibility,sol-00280,high,low,False,0.2000,0.8500,-0.6500,0.8500,low,False
579,probe_checkpoints.withRegularGullibility,sol-00281,low,high,False,0.8500,0.2000,+0.6500,0.8500,high,False
580,probe_checkpoints.withDefense484Only,sol-00282,low,high,False,0.8500,0.7000,+0.1500,0.8500,high,False
581,probe_checkpoints.withRegularGullibility,sol-00284,low,high,False,0.8500,0.3000,+0.5500,0.8500,high,False
582,probe_checkpoints.withRegularGullibility,sol-00284,high,high,True,0.8500,0.2000,+0.6500,0.8500,high,False
583,probe_checkpoints.withDefense484Only,sol-00285,high,low,False,0.4000,0.8500,-0.4500,0.8500,low,False
584,probe_checkpoints.withRegularGullibility,sol-00285,low,high,False,0.8500,0.3000,+0.5500,0.8500,high,False
585,probe_checkpoints.withDefense484Only,sol-00286,low,high,False,0.8500,0.7000,+0.1500,0.8500,high,False
586,probe_checkpoints.withDefense484Only,sol-00286,high,low,False,0.7500,0.8500,-0.1000,0.8500,low,False
587,probe_checkpoints.withRegularGullibility,sol-00286,low,high,False,0.8500,0.7000,+0.1500,0.8500,high,False
588,probe_checkpoints.withRegularGullibility,sol-00286,high,high,True,0.8500,0.7000,+0.1500,0.8500,high,False
589,probe_checkpoints.withRegularGullibility,sol-00287,low,high,False,0.8500,0.7000,+0.1500,0.8500,high,False
590,probe_checkpoints.withRegularGullibility,sol-00287,high,low,False,0.7500,0.8500,-0.1000,0.8500,low,False
591,probe_checkpoints.withDefense484Only,sol-00288,low,high,False,0.8500,0.6000,+0.2500,0.8500,high,False
592,probe_checkpoints.withRegularGullibility,sol-00288,low,high,False,0.8500,0.7000,+0.1500,0.8500,high,False
593,probe_checkpoints.withDefense484Only,sol-00289,high,low,False,0.7500,0.8500,-0.1000,0.8500,low,False
594,probe_checkpoints.withRegularGullibility,sol-00289,low,high,False,0.8500,0.3000,+0.5500,0.8500,high,False
595,probe_checkpoints.withDefense484Only,sol-00290,low,high,False,0.8500,0.2000,+0.6500,0.8500,high,False
596,probe_checkpoints.withDefense484Only,sol-00290,high,high,True,0.8500,0.1500,+0.7000,0.8500,high,False
597,probe_checkpoints.withDefense484Only,sol-00291,low,high,False,0.8500,0.5500,+0.3000,0.8500,high,False
598,probe_checkpoints.withRegularGullibility,sol-00291,low,low,True,0.7500,0.8500,-0.1000,0.8500,low,False
599,probe_checkpoints.withRegularGullibility,sol-00292,high,high,True,0.8500,0.2000,+0.6500,0.8500,high,False
600,probe_checkpoints.withRegularGullibility,sol-00293,low,low,True,0.7000,0.8500,-0.1500,0.8500,low,False
601,probe_checkpoints.withDefense484Only,sol-00294,low,high,False,0.8500,0.2000,+0.6500,0.8500,high,False
602,probe_checkpoints.withRegularGullibility,sol-00294,low,high,False,0.8500,0.5500,+0.3000,0.8500,high,False
603,probe_checkpoints.withDefense484Only,sol-00295,low,high,False,0.8500,0.2000,+0.6500,0.8500,high,False
604,probe_checkpoints.withDefense484Only,sol-00295,high,low,False,0.2000,0.8500,-0.6500,0.8500,low,False
605,probe_checkpoints.withDefense484Only,sol-00296,low,high,False,0.8500,0.4000,+0.4500,0.8500,high,False
606,probe_checkpoints.withRegularGullibility,sol-00296,low,low,True,0.7000,0.8500,-0.1500,0.8500,low,False
607,probe_checkpoints.withRegularGullibility,sol-00297,low,high,False,0.8500,0.2000,+0.6500,0.8500,high,False
608,probe_checkpoints.withDefense484Only,sol-00298,high,low,False,0.4000,0.8500,-0.4500,0.8500,low,False
609,probe_checkpoints.withRegularGullibility,sol-00299,low,high,False,0.8500,0.3000,+0.5500,0.8500,high,False
610,probe_checkpoints.withDefense484Only,sol-00300,low,high,False,0.8500,0.8000,+0.0500,0.8500,high,False
611,probe_checkpoints.withDefense484Only,sol-00301,low,high,False,0.8500,0.8000,+0.0500,0.8500,high,False
612,probe_checkpoints.withRegularGullibility,sol-00301,low,high,False,0.8500,0.7000,+0.1500,0.8500,high,False
613,probe_checkpoints.withDefense484Only,sol-00305,low,high,False,0.8500,0.2000,+0.6500,0.8500,high,False
614,probe_checkpoints.withRegularGullibility,sol-00305,low,high,False,0.8500,0.4000,+0.4500,0.8500,high,False
615,probe_checkpoints.withDefense484Only,sol-00306,low,high,False,0.8500,0.5500,+0.3000,0.8500,high,False
616,probe_checkpoints.withRegularGullibility,sol-00306,low,high,False,0.8500,0.5500,+0.3000,0.8500,high,False
617,probe_checkpoints.withRegularGullibility,sol-00306,high,high,True,0.8500,0.4000,+0.4500,0.8500,high,False
618,probe_checkpoints.withRegularGullibility,sol-00308,low,high,False,0.8500,0.7000,+0.1500,0.8500,high,False
619,probe_checkpoints.withDefense484Only,sol-00309,low,high,False,0.8500,0.2000,+0.6500,0.8500,high,False
620,probe_checkpoints.withRegularGullibility,sol-00309,low,high,False,0.8500,0.3000,+0.5500,0.8500,high,False
621,probe_checkpoints.withRegularGullibility,sol-00309,high,high,True,0.8500,0.3000,+0.5500,0.8500,high,False
622,probe_checkpoints.withDefense484Only,sol-00310,low,high,False,0.8500,0.7000,+0.1500,0.8500,high,False
623,probe_checkpoints.withRegularGullibility,sol-00311,low,high,False,0.8500,0.7000,+0.1500,0.8500,high,False
624,probe_checkpoints.withRegularGullibility,sol-00314,low,high,False,0.8500,0.7000,+0.1500,0.8500,high,False
625,probe_checkpoints.withDefense484Only,sol-00315,low,high,False,0.8500,0.1500,+0.7000,0.8500,high,False
626,probe_checkpoints.withDefense484Only,sol-00316,low,high,False,0.8500,0.3000,+0.5500,0.8500,high,False
627,probe_checkpoints.withDefense484Only,sol-00316,high,low,False,0.2000,0.8500,-0.6500,0.8500,low,False
628,probe_checkpoints.withRegularGullibility,sol-00318,low,high,False,0.8500,0.4000,+0.4500,0.8500,high,False
629,probe_checkpoints.withDefense484Only,sol-00317,low,high,False,0.8500,0.2000,+0.6500,0.8500,high,False
630,probe_checkpoints.withRegularGullibility,sol-00317,low,high,False,0.8500,0.1500,+0.7000,0.8500,high,False
631,probe_checkpoints.withDefense484Only,sol-00318,low,high,False,0.8500,0.2000,+0.6500,0.8500,high,False
632,probe_checkpoints.withDefense484Only,sol-00320,low,high,False,0.8500,0.4000,+0.4500,0.8500,high,False
633,probe_checkpoints.withDefense484Only,sol-00320,high,low,False,0.1500,0.8500,-0.7000,0.8500,low,False
634,probe_checkpoints.withRegularGullibility,sol-00320,low,high,False,0.8500,0.6000,+0.2500,0.8500,high,False
635,probe_checkpoints.withRegularGullibility,sol-00322,low,high,False,0.8500,0.4000,+0.4500,0.8500,high,False
636,probe_checkpoints.withRegularGullibility,sol-00322,high,low,False,0.3000,0.8500,-0.5500,0.8500,low,False
637,probe_checkpoints.withDefense484Only,sol-00324,low,high,False,0.8500,0.1500,+0.7000,0.8500,high,False
638,probe_checkpoints.withRegularGullibility,sol-00324,low,low,True,0.7500,0.8500,-0.1000,0.8500,low,False
639,probe_checkpoints.withDefense484Only,sol-00325,low,low,True,0.7500,0.8500,-0.1000,0.8500,low,False
640,probe_checkpoints.withDefense484Only,sol-00325,high,low,False,0.4000,0.8500,-0.4500,0.8500,low,False
641,probe_checkpoints.withRegularGullibility,sol-00327,low,low,True,0.2000,0.8500,-0.6500,0.8500,low,False
642,probe_checkpoints.withRegularGullibility,sol-00329,low,high,False,0.8500,0.4000,+0.4500,0.8500,high,False
643,probe_checkpoints.withDefense484Only,sol-00331,low,high,False,0.8500,0.8000,+0.0500,0.8500,high,False
644,probe_checkpoints.withRegularGullibility,sol-00331,low,high,False,0.8500,0.7000,+0.1500,0.8500,high,False
645,probe_checkpoints.withRegularGullibility,sol-00331,high,low,False,0.5500,0.8500,-0.3000,0.8500,low,False
646,probe_checkpoints.withRegularGullibility,sol-00332,high,low,False,0.2000,0.8500,-0.6500,0.8500,low,False
647,probe_checkpoints.withDefense484Only,sol-00333,low,high,False,0.8500,0.7000,+0.1500,0.8500,high,False
648,probe_checkpoints.withRegularGullibility,sol-00333,low,high,False,0.8500,0.5500,+0.3000,0.8500,high,False
649,probe_checkpoints.withDefense484Only,sol-00334,high,high,True,0.8500,0.2000,+0.6500,0.8500,high,False
650,probe_checkpoints.withDefense484Only,sol-00337,low,high,False,0.8500,0.7000,+0.1500,0.8500,high,False
651,probe_checkpoints.withRegularGullibility,sol-00337,low,high,False,0.8500,0.7000,+0.1500,0.8500,high,False
652,probe_checkpoints.withDefense484Only,sol-00338,low,high,False,0.8500,0.2000,+0.6500,0.8500,high,False
653,probe_checkpoints.withRegularGullibility,sol-00338,low,high,False,0.8500,0.4000,+0.4500,0.8500,high,False
654,probe_checkpoints.withDefense484Only,sol-00339,low,high,False,0.8500,0.5000,+0.3500,0.8500,high,False
655,probe_checkpoints.withRegularGullibility,sol-00339,high,high,True,0.8500,0.2000,+0.6500,0.8500,high,False
656,probe_checkpoints.withRegularGullibility,sol-00340,low,high,False,0.8500,0.1500,+0.7000,0.8500,high,False
657,probe_checkpoints.withDefense484Only,sol-00341,low,high,False,0.8500,0.2000,+0.6500,0.8500,high,False
658,probe_checkpoints.withDefense484Only,sol-00341,high,high,True,0.8500,0.5500,+0.3000,0.8500,high,False
659,probe_checkpoints.withRegularGullibility,sol-00342,low,high,False,0.8500,0.2000,+0.6500,0.8500,high,False
660,probe_checkpoints.withDefense484Only,sol-00343,low,high,False,0.8500,0.2000,+0.6500,0.8500,high,False
661,probe_checkpoints.withDefense484Only,sol-00345,low,high,False,0.8500,0.5500,+0.3000,0.8500,high,False
662,probe_checkpoints.withRegularGullibility,sol-00345,low,high,False,0.8500,0.3000,+0.5500,0.8500,high,False
663,probe_checkpoints.withDefense484Only,sol-00347,low,high,False,0.8500,0.6000,+0.2500,0.8500,high,False
664,probe_checkpoints.withRegularGullibility,sol-00347,low,high,False,0.8500,0.7000,+0.1500,0.8500,high,False
665,probe_checkpoints.withRegularGullibility,sol-00347,high,high,True,0.8500,0.7000,+0.1500,0.8500,high,False
666,probe_checkpoints.withDefense484Only,sol-00348,low,high,False,0.8500,0.2000,+0.6500,0.8500,high,False
667,probe_checkpoints.withDefense484Only,sol-00348,high,low,False,0.3000,0.8500,-0.5500,0.8500,low,False
668,probe_checkpoints.withRegularGullibility,sol-00348,low,high,False,0.8500,0.2000,+0.6500,0.8500,high,False
669,probe_checkpoints.withDefense484Only,sol-00349,low,low,True,0.7000,0.8500,-0.1500,0.8500,low,False
670,probe_checkpoints.withRegularGullibility,sol-00349,low,high,False,0.8500,0.7000,+0.1500,0.8500,high,False
671,probe_checkpoints.withDefense484Only,sol-00352,low,high,False,0.8500,0.4000,+0.4500,0.8500,high,False
672,probe_checkpoints.withRegularGullibility,sol-00352,low,high,False,0.8500,0.5500,+0.3000,0.8500,high,False
673,probe_checkpoints.withDefense484Only,sol-00353,low,high,False,0.8500,0.7000,+0.1500,0.8500,high,False
674,probe_checkpoints.withDefense484Only,sol-00356,low,high,False,0.8500,0.1500,+0.7000,0.8500,high,False
675,probe_checkpoints.withDefense484Only,sol-00358,low,high,False,0.8500,0.7000,+0.1500,0.8500,high,False
676,probe_checkpoints.withRegularGullibility,sol-00358,low,high,False,0.8500,0.5500,+0.3000,0.8500,high,False
677,probe_checkpoints.withDefense484Only,sol-00359,low,high,False,0.8500,0.2000,+0.6500,0.8500,high,False
678,probe_checkpoints.withRegularGullibility,sol-00359,low,high,False,0.8500,0.2000,+0.6500,0.8500,high,False
679,probe_checkpoints.withRegularGullibility,sol-00360,high,low,False,0.7000,0.8500,-0.1500,0.8500,low,False
680,probe_checkpoints.withDefense484Only,sol-00361,low,high,False,0.8500,0.2000,+0.6500,0.8500,high,False
681,probe_checkpoints.withRegularGullibility,sol-00361,low,high,False,0.8500,0.3000,+0.5500,0.8500,high,False
682,probe_checkpoints.withDefense484Only,sol-00365,low,high,False,0.8500,0.2000,+0.6500,0.8500,high,False
683,probe_checkpoints.withRegularGullibility,sol-00365,high,low,False,0.3000,0.8500,-0.5500,0.8500,low,False
684,probe_checkpoints.withDefense484Only,sol-00367,low,high,False,0.8500,0.2000,+0.6500,0.8500,high,False
685,probe_checkpoints.withRegularGullibility,sol-00367,low,high,False,0.8500,0.5500,+0.3000,0.8500,high,False
686,probe_checkpoints.withDefense484Only,sol-00369,low,high,False,0.8500,0.2000,+0.6500,0.8500,high,False
687,probe_checkpoints.withDefense484Only,sol-00370,low,high,False,0.8500,0.2000,+0.6500,0.8500,high,False
688,probe_checkpoints.withRegularGullibility,sol-00372,high,high,True,0.8500,0.5500,+0.3000,0.8500,high,False
689,probe_checkpoints.withDefense484Only,sol-00373,low,high,False,0.8500,0.4000,+0.4500,0.8500,high,False
690,probe_checkpoints.withRegularGullibility,sol-00373,low,low,True,0.2000,0.8500,-0.6500,0.8500,low,False
691,probe_checkpoints.withDefense484Only,sol-00374,low,high,False,0.8500,0.2000,+0.6500,0.8500,high,False
692,probe_checkpoints.withDefense484Only,sol-00375,low,high,False,0.8500,0.2000,+0.6500,0.8500,high,False
693,probe_checkpoints.withDefense484Only,sol-00377,low,high,False,0.8500,0.3000,+0.5500,0.8500,high,False
694,probe_checkpoints.withRegularGullibility,sol-00377,low,high,False,0.8500,0.7000,+0.1500,0.8500,high,False
695,probe_checkpoints.withRegularGullibility,sol-00377,high,high,True,0.8500,0.3000,+0.5500,0.8500,high,False
696,probe_checkpoints.withDefense484Only,sol-00379,high,high,True,0.8500,0.8000,+0.0500,0.8500,high,False
697,probe_checkpoints.withRegularGullibility,sol-00379,low,high,False,0.8500,0.7000,+0.1500,0.8500,high,False
698,probe_checkpoints.withRegularGullibility,sol-00379,high,low,False,0.7500,0.8500,-0.1000,0.8500,low,False
699,probe_checkpoints.withDefense484Only,sol-00380,low,high,False,0.8500,0.7000,+0.1500,0.8500,high,False
700,probe_checkpoints.withDefense484Only,sol-00380,high,high,True,0.8500,0.7000,+0.1500,0.8500,high,False
701,probe_checkpoints.withRegularGullibility,sol-00380,low,high,False,0.8500,0.7000,+0.1500,0.8500,high,False
702,probe_checkpoints.withDefense484Only,sol-00381,low,high,False,0.8500,0.3000,+0.5500,0.8500,high,False
703,probe_checkpoints.withRegularGullibility,sol-00381,low,low,True,0.7000,0.8500,-0.1500,0.8500,low,False
704,probe_checkpoints.withDefense484Only,sol-00383,low,high,False,0.8500,0.7500,+0.1000,0.8500,high,False
705,probe_checkpoints.withDefense484Only,sol-00385,low,high,False,0.8500,0.5500,+0.3000,0.8500,high,False
706,probe_checkpoints.withRegularGullibility,sol-00385,low,high,False,0.8500,0.7000,+0.1500,0.8500,high,False
707,probe_checkpoints.withDefense484Only,sol-00000,high,low,False,0.2000,0.8000,-0.6000,0.8000,low,False
708,probe_checkpoints.withDefense484Only,sol-00000,low,low,True,0.2000,0.8000,-0.6000,0.8000,low,False
709,probe_checkpoints.withRegularGullibility,sol-00001,low,low,True,0.2000,0.8000,-0.6000,0.8000,low,False
710,probe_checkpoints.withDefense484Only,sol-00004,high,low,False,0.2000,0.8000,-0.6000,0.8000,low,False
711,probe_checkpoints.withDefense484Only,sol-00006,high,low,False,0.2000,0.8000,-0.6000,0.8000,low,False
712,probe_checkpoints.withRegularGullibility,sol-00000,high,low,False,0.2000,0.8000,-0.6000,0.8000,low,False
713,probe_checkpoints.withRegularGullibility,sol-00000,low,low,True,0.2000,0.8000,-0.6000,0.8000,low,False
714,probe_checkpoints.withRegularGullibility,sol-00001,high,low,False,0.2000,0.8000,-0.6000,0.8000,low,False
715,probe_checkpoints.withDefense484Only,sol-00003,low,low,True,0.2000,0.8000,-0.6000,0.8000,low,False
716,probe_checkpoints.withDefense484Only,sol-00008,low,low,True,0.2000,0.8000,-0.6000,0.8000,low,False
717,probe_checkpoints.withDefense484Only,sol-00010,low,low,True,0.7000,0.8000,-0.1000,0.8000,low,False
718,probe_checkpoints.withRegularGullibility,sol-00012,low,low,True,0.2000,0.8000,-0.6000,0.8000,low,False
719,probe_checkpoints.withRegularGullibility,sol-00012,high,low,False,0.2000,0.8000,-0.6000,0.8000,low,False
720,probe_checkpoints.withRegularGullibility,sol-00014,high,low,False,0.2000,0.8000,-0.6000,0.8000,low,False
721,probe_checkpoints.withDefense484Only,sol-00018,high,low,False,0.2000,0.8000,-0.6000,0.8000,low,False
722,probe_checkpoints.withRegularGullibility,sol-00018,high,low,False,0.2000,0.8000,-0.6000,0.8000,low,False
723,probe_checkpoints.withRegularGullibility,sol-00019,low,low,True,0.2000,0.8000,-0.6000,0.8000,low,False
724,probe_checkpoints.withDefense484Only,sol-00020,low,low,True,0.2000,0.8000,-0.6000,0.8000,low,False
725,probe_checkpoints.withRegularGullibility,sol-00020,low,low,True,0.3000,0.8000,-0.5000,0.8000,low,False
726,probe_checkpoints.withDefense484Only,sol-00022,low,low,True,0.2000,0.8000,-0.6000,0.8000,low,False
727,probe_checkpoints.withDefense484Only,sol-00024,high,low,False,0.2000,0.8000,-0.6000,0.8000,low,False
728,probe_checkpoints.withRegularGullibility,sol-00024,low,low,True,0.2000,0.8000,-0.6000,0.8000,low,False
729,probe_checkpoints.withRegularGullibility,sol-00026,high,low,False,0.2000,0.8000,-0.6000,0.8000,low,False
730,probe_checkpoints.withDefense484Only,sol-00030,high,low,False,0.5000,0.8000,-0.3000,0.8000,low,False
731,probe_checkpoints.withRegularGullibility,sol-00030,high,low,False,0.2000,0.8000,-0.6000,0.8000,low,False
732,probe_checkpoints.withRegularGullibility,sol-00031,low,low,True,0.2000,0.8000,-0.6000,0.8000,low,False
733,probe_checkpoints.withDefense484Only,sol-00032,low,low,True,0.3000,0.8000,-0.5000,0.8000,low,False
734,probe_checkpoints.withDefense484Only,sol-00036,high,low,False,0.2000,0.8000,-0.6000,0.8000,low,False
735,probe_checkpoints.withDefense484Only,sol-00042,low,low,True,0.2000,0.8000,-0.6000,0.8000,low,False
736,probe_checkpoints.withRegularGullibility,sol-00042,high,low,False,0.2000,0.8000,-0.6000,0.8000,low,False
737,probe_checkpoints.withDefense484Only,sol-00043,high,low,False,0.3000,0.8000,-0.5000,0.8000,low,False
738,probe_checkpoints.withRegularGullibility,sol-00043,high,low,False,0.2000,0.8000,-0.6000,0.8000,low,False
739,probe_checkpoints.withRegularGullibility,sol-00044,high,low,False,0.2000,0.8000,-0.6000,0.8000,low,False
740,probe_checkpoints.withDefense484Only,sol-00049,high,low,False,0.2000,0.8000,-0.6000,0.8000,low,False
741,probe_checkpoints.withDefense484Only,sol-00052,high,low,False,0.2000,0.8000,-0.6000,0.8000,low,False
742,probe_checkpoints.withDefense484Only,sol-00055,high,low,False,0.2000,0.8000,-0.6000,0.8000,low,False
743,probe_checkpoints.withRegularGullibility,sol-00055,high,low,False,0.2000,0.8000,-0.6000,0.8000,low,False
744,probe_checkpoints.withRegularGullibility,sol-00056,low,low,True,0.3000,0.8000,-0.5000,0.8000,low,False
745,probe_checkpoints.withDefense484Only,sol-00059,low,low,True,0.2000,0.8000,-0.6000,0.8000,low,False
746,probe_checkpoints.withRegularGullibility,sol-00059,high,low,False,0.2000,0.8000,-0.6000,0.8000,low,False
747,probe_checkpoints.withDefense484Only,sol-00064,high,low,False,0.3000,0.8000,-0.5000,0.8000,low,False
748,probe_checkpoints.withRegularGullibility,sol-00064,high,low,False,0.2000,0.8000,-0.6000,0.8000,low,False
749,probe_checkpoints.withDefense484Only,sol-00065,high,low,False,0.2000,0.8000,-0.6000,0.8000,low,False
750,probe_checkpoints.withDefense484Only,sol-00068,high,low,False,0.2000,0.8000,-0.6000,0.8000,low,False
751,probe_checkpoints.withDefense484Only,sol-00070,low,low,True,0.2000,0.8000,-0.6000,0.8000,low,False
752,probe_checkpoints.withDefense484Only,sol-00070,high,low,False,0.3000,0.8000,-0.5000,0.8000,low,False
753,probe_checkpoints.withRegularGullibility,sol-00076,low,low,True,0.2000,0.8000,-0.6000,0.8000,low,False
754,probe_checkpoints.withRegularGullibility,sol-00080,high,low,False,0.3000,0.8000,-0.5000,0.8000,low,False
755,probe_checkpoints.withDefense484Only,sol-00095,low,low,True,0.5000,0.8000,-0.3000,0.8000,low,False
756,probe_checkpoints.withDefense484Only,sol-00095,high,low,False,0.2000,0.8000,-0.6000,0.8000,low,False
757,probe_checkpoints.withRegularGullibility,sol-00095,low,low,True,0.5000,0.8000,-0.3000,0.8000,low,False
758,probe_checkpoints.withRegularGullibility,sol-00102,high,low,False,0.2000,0.8000,-0.6000,0.8000,low,False
759,probe_checkpoints.withDefense484Only,sol-00105,low,low,True,0.2000,0.8000,-0.6000,0.8000,low,False
760,probe_checkpoints.withRegularGullibility,sol-00108,high,low,False,0.3000,0.8000,-0.5000,0.8000,low,False
761,probe_checkpoints.withDefense484Only,sol-00110,high,low,False,0.2000,0.8000,-0.6000,0.8000,low,False
762,probe_checkpoints.withDefense484Only,sol-00112,high,low,False,0.2000,0.8000,-0.6000,0.8000,low,False
763,probe_checkpoints.withDefense484Only,sol-00115,high,low,False,0.5000,0.8000,-0.3000,0.8000,low,False
764,probe_checkpoints.withDefense484Only,sol-00116,high,low,False,0.2000,0.8000,-0.6000,0.8000,low,False
765,probe_checkpoints.withDefense484Only,sol-00120,high,low,False,0.2000,0.8000,-0.6000,0.8000,low,False
766,probe_checkpoints.withRegularGullibility,sol-00121,high,low,False,0.2000,0.8000,-0.6000,0.8000,low,False
767,probe_checkpoints.withDefense484Only,sol-00122,high,low,False,0.2000,0.8000,-0.6000,0.8000,low,False
768,probe_checkpoints.withDefense484Only,sol-00125,high,low,False,0.2000,0.8000,-0.6000,0.8000,low,False
769,probe_checkpoints.withDefense484Only,sol-00130,high,low,False,0.2000,0.8000,-0.6000,0.8000,low,False
770,probe_checkpoints.withRegularGullibility,sol-00135,high,low,False,0.2000,0.8000,-0.6000,0.8000,low,False
771,probe_checkpoints.withDefense484Only,sol-00136,high,low,False,0.2000,0.8000,-0.6000,0.8000,low,False
772,probe_checkpoints.withRegularGullibility,sol-00136,low,low,True,0.2000,0.8000,-0.6000,0.8000,low,False
773,probe_checkpoints.withRegularGullibility,sol-00145,high,low,False,0.3000,0.8000,-0.5000,0.8000,low,False
774,probe_checkpoints.withDefense484Only,sol-00150,high,low,False,0.2000,0.8000,-0.6000,0.8000,low,False
775,probe_checkpoints.withRegularGullibility,sol-00150,high,low,False,0.2000,0.8000,-0.6000,0.8000,low,False
776,probe_checkpoints.withRegularGullibility,sol-00151,high,low,False,0.2000,0.8000,-0.6000,0.8000,low,False
777,probe_checkpoints.withDefense484Only,sol-00153,high,low,False,0.1000,0.8000,-0.7000,0.8000,low,False
778,probe_checkpoints.withDefense484Only,sol-00159,high,low,False,0.2000,0.8000,-0.6000,0.8000,low,False
779,probe_checkpoints.withRegularGullibility,sol-00160,low,low,True,0.3000,0.8000,-0.5000,0.8000,low,False
780,probe_checkpoints.withDefense484Only,sol-00163,low,low,True,0.2000,0.8000,-0.6000,0.8000,low,False
781,probe_checkpoints.withRegularGullibility,sol-00166,low,low,True,0.2000,0.8000,-0.6000,0.8000,low,False
782,probe_checkpoints.withDefense484Only,sol-00169,high,low,False,0.2000,0.8000,-0.6000,0.8000,low,False
783,probe_checkpoints.withDefense484Only,sol-00170,high,low,False,0.2000,0.8000,-0.6000,0.8000,low,False
784,probe_checkpoints.withDefense484Only,sol-00172,high,low,False,0.3000,0.8000,-0.5000,0.8000,low,False
785,probe_checkpoints.withDefense484Only,sol-00177,high,low,False,0.2000,0.8000,-0.6000,0.8000,low,False
786,probe_checkpoints.withDefense484Only,sol-00178,low,low,True,0.2000,0.8000,-0.6000,0.8000,low,False
787,probe_checkpoints.withRegularGullibility,sol-00178,low,low,True,0.2000,0.8000,-0.6000,0.8000,low,False
788,probe_checkpoints.withDefense484Only,sol-00179,high,low,False,0.3000,0.8000,-0.5000,0.8000,low,False
789,probe_checkpoints.withRegularGullibility,sol-00179,high,low,False,0.3000,0.8000,-0.5000,0.8000,low,False
790,probe_checkpoints.withRegularGullibility,sol-00183,high,low,False,0.2000,0.8000,-0.6000,0.8000,low,False
791,probe_checkpoints.withRegularGullibility,sol-00186,high,low,False,0.3000,0.8000,-0.5000,0.8000,low,False
792,probe_checkpoints.withDefense484Only,sol-00189,low,low,True,0.2000,0.8000,-0.6000,0.8000,low,False
793,probe_checkpoints.withRegularGullibility,sol-00189,low,low,True,0.2000,0.8000,-0.6000,0.8000,low,False
794,probe_checkpoints.withRegularGullibility,sol-00189,high,low,False,0.2000,0.8000,-0.6000,0.8000,low,False
795,probe_checkpoints.withDefense484Only,sol-00190,high,low,False,0.2000,0.8000,-0.6000,0.8000,low,False
796,probe_checkpoints.withDefense484Only,sol-00196,low,low,True,0.2000,0.8000,-0.6000,0.8000,low,False
797,probe_checkpoints.withRegularGullibility,sol-00196,low,low,True,0.3000,0.8000,-0.5000,0.8000,low,False
798,probe_checkpoints.withDefense484Only,sol-00198,high,low,False,0.3000,0.8000,-0.5000,0.8000,low,False
799,probe_checkpoints.withDefense484Only,sol-00199,low,low,True,0.7000,0.8000,-0.1000,0.8000,low,False
800,probe_checkpoints.withDefense484Only,sol-00199,high,low,False,0.2000,0.8000,-0.6000,0.8000,low,False
801,probe_checkpoints.withDefense484Only,sol-00201,high,low,False,0.2000,0.8000,-0.6000,0.8000,low,False
802,probe_checkpoints.withRegularGullibility,sol-00205,high,low,False,0.2000,0.8000,-0.6000,0.8000,low,False
803,probe_checkpoints.withDefense484Only,sol-00211,high,low,False,0.2000,0.8000,-0.6000,0.8000,low,False
804,probe_checkpoints.withDefense484Only,sol-00215,high,low,False,0.2000,0.8000,-0.6000,0.8000,low,False
805,probe_checkpoints.withRegularGullibility,sol-00217,high,low,False,0.2000,0.8000,-0.6000,0.8000,low,False
806,probe_checkpoints.withDefense484Only,sol-00223,high,low,False,0.3000,0.8000,-0.5000,0.8000,low,False
807,probe_checkpoints.withRegularGullibility,sol-00225,low,low,True,0.2000,0.8000,-0.6000,0.8000,low,False
808,probe_checkpoints.withRegularGullibility,sol-00228,high,low,False,0.2000,0.8000,-0.6000,0.8000,low,False
809,probe_checkpoints.withDefense484Only,sol-00233,high,low,False,0.3000,0.8000,-0.5000,0.8000,low,False
810,probe_checkpoints.withRegularGullibility,sol-00237,high,low,False,0.3000,0.8000,-0.5000,0.8000,low,False
811,probe_checkpoints.withDefense484Only,sol-00243,low,low,True,0.5000,0.8000,-0.3000,0.8000,low,False
812,probe_checkpoints.withDefense484Only,sol-00244,high,low,False,0.2000,0.8000,-0.6000,0.8000,low,False
813,probe_checkpoints.withRegularGullibility,sol-00244,low,low,True,0.3000,0.8000,-0.5000,0.8000,low,False
814,probe_checkpoints.withDefense484Only,sol-00245,high,low,False,0.2000,0.8000,-0.6000,0.8000,low,False
815,probe_checkpoints.withDefense484Only,sol-00246,high,low,False,0.3000,0.8000,-0.5000,0.8000,low,False
816,probe_checkpoints.withRegularGullibility,sol-00246,high,low,False,0.3000,0.8000,-0.5000,0.8000,low,False
817,probe_checkpoints.withRegularGullibility,sol-00248,low,low,True,0.5000,0.8000,-0.3000,0.8000,low,False
818,probe_checkpoints.withRegularGullibility,sol-00250,high,low,False,0.2000,0.8000,-0.6000,0.8000,low,False
819,probe_checkpoints.withDefense484Only,sol-00253,low,low,True,0.2000,0.8000,-0.6000,0.8000,low,False
820,probe_checkpoints.withRegularGullibility,sol-00254,high,low,False,0.2000,0.8000,-0.6000,0.8000,low,False
821,probe_checkpoints.withRegularGullibility,sol-00255,low,low,True,0.3000,0.8000,-0.5000,0.8000,low,False
822,probe_checkpoints.withRegularGullibility,sol-00257,low,low,True,0.2000,0.8000,-0.6000,0.8000,low,False
823,probe_checkpoints.withRegularGullibility,sol-00258,high,low,False,0.1000,0.8000,-0.7000,0.8000,low,False
824,probe_checkpoints.withRegularGullibility,sol-00264,low,low,True,0.2000,0.8000,-0.6000,0.8000,low,False
825,probe_checkpoints.withRegularGullibility,sol-00264,high,low,False,0.5000,0.8000,-0.3000,0.8000,low,False
826,probe_checkpoints.withRegularGullibility,sol-00269,high,low,False,0.3000,0.8000,-0.5000,0.8000,low,False
827,probe_checkpoints.withRegularGullibility,sol-00272,high,low,False,0.2000,0.8000,-0.6000,0.8000,low,False
828,probe_checkpoints.withDefense484Only,sol-00277,high,low,False,0.2000,0.8000,-0.6000,0.8000,low,False
829,probe_checkpoints.withRegularGullibility,sol-00277,low,low,True,0.1000,0.8000,-0.7000,0.8000,low,False
830,probe_checkpoints.withDefense484Only,sol-00280,low,low,True,0.2000,0.8000,-0.6000,0.8000,low,False
831,probe_checkpoints.withDefense484Only,sol-00282,high,low,False,0.3000,0.8000,-0.5000,0.8000,low,False
832,probe_checkpoints.withDefense484Only,sol-00283,low,low,True,0.2000,0.8000,-0.6000,0.8000,low,False
833,probe_checkpoints.withDefense484Only,sol-00283,high,low,False,0.3000,0.8000,-0.5000,0.8000,low,False
834,probe_checkpoints.withDefense484Only,sol-00284,high,low,False,0.2000,0.8000,-0.6000,0.8000,low,False
835,probe_checkpoints.withRegularGullibility,sol-00285,high,low,False,0.3000,0.8000,-0.5000,0.8000,low,False
836,probe_checkpoints.withDefense484Only,sol-00287,low,low,True,0.2000,0.8000,-0.6000,0.8000,low,False
837,probe_checkpoints.withDefense484Only,sol-00287,high,low,False,0.2000,0.8000,-0.6000,0.8000,low,False
838,probe_checkpoints.withDefense484Only,sol-00293,high,low,False,0.2000,0.8000,-0.6000,0.8000,low,False
839,probe_checkpoints.withRegularGullibility,sol-00294,high,low,False,0.2000,0.8000,-0.6000,0.8000,low,False
840,probe_checkpoints.withRegularGullibility,sol-00295,low,low,True,0.2000,0.8000,-0.6000,0.8000,low,False
841,probe_checkpoints.withDefense484Only,sol-00296,high,low,False,0.2000,0.8000,-0.6000,0.8000,low,False
842,probe_checkpoints.withRegularGullibility,sol-00296,high,low,False,0.3000,0.8000,-0.5000,0.8000,low,False
843,probe_checkpoints.withRegularGullibility,sol-00300,high,low,False,0.2000,0.8000,-0.6000,0.8000,low,False
844,probe_checkpoints.withDefense484Only,sol-00301,high,low,False,0.2000,0.8000,-0.6000,0.8000,low,False
845,probe_checkpoints.withDefense484Only,sol-00303,high,low,False,0.2000,0.8000,-0.6000,0.8000,low,False
846,probe_checkpoints.withRegularGullibility,sol-00303,low,low,True,0.2000,0.8000,-0.6000,0.8000,low,False
847,probe_checkpoints.withRegularGullibility,sol-00303,high,low,False,0.2000,0.8000,-0.6000,0.8000,low,False
848,probe_checkpoints.withDefense484Only,sol-00307,high,low,False,0.2000,0.8000,-0.6000,0.8000,low,False
849,probe_checkpoints.withDefense484Only,sol-00308,low,low,True,0.2000,0.8000,-0.6000,0.8000,low,False
850,probe_checkpoints.withDefense484Only,sol-00314,high,low,False,0.2000,0.8000,-0.6000,0.8000,low,False
851,probe_checkpoints.withRegularGullibility,sol-00317,high,low,False,0.2000,0.8000,-0.6000,0.8000,low,False
852,probe_checkpoints.withRegularGullibility,sol-00316,high,low,False,0.3000,0.8000,-0.5000,0.8000,low,False
853,probe_checkpoints.withDefense484Only,sol-00321,low,low,True,0.2000,0.8000,-0.6000,0.8000,low,False
854,probe_checkpoints.withRegularGullibility,sol-00321,low,low,True,0.2000,0.8000,-0.6000,0.8000,low,False
855,probe_checkpoints.withRegularGullibility,sol-00324,high,low,False,0.2000,0.8000,-0.6000,0.8000,low,False
856,probe_checkpoints.withDefense484Only,sol-00326,high,low,False,0.3000,0.8000,-0.5000,0.8000,low,False
857,probe_checkpoints.withDefense484Only,sol-00331,high,low,False,0.2000,0.8000,-0.6000,0.8000,low,False
858,probe_checkpoints.withRegularGullibility,sol-00332,low,low,True,0.3000,0.8000,-0.5000,0.8000,low,False
859,probe_checkpoints.withDefense484Only,sol-00336,high,low,False,0.2000,0.8000,-0.6000,0.8000,low,False
860,probe_checkpoints.withRegularGullibility,sol-00336,low,low,True,0.2000,0.8000,-0.6000,0.8000,low,False
861,probe_checkpoints.withDefense484Only,sol-00338,high,low,False,0.5000,0.8000,-0.3000,0.8000,low,False
862,probe_checkpoints.withDefense484Only,sol-00343,high,low,False,0.2000,0.8000,-0.6000,0.8000,low,False
863,probe_checkpoints.withDefense484Only,sol-00346,low,low,True,0.3000,0.8000,-0.5000,0.8000,low,False
864,probe_checkpoints.withDefense484Only,sol-00349,high,low,False,0.2000,0.8000,-0.6000,0.8000,low,False
865,probe_checkpoints.withDefense484Only,sol-00350,high,low,False,0.2000,0.8000,-0.6000,0.8000,low,False
866,probe_checkpoints.withRegularGullibility,sol-00350,high,low,False,0.2000,0.8000,-0.6000,0.8000,low,False
867,probe_checkpoints.withDefense484Only,sol-00355,high,low,False,0.2000,0.8000,-0.6000,0.8000,low,False
868,probe_checkpoints.withRegularGullibility,sol-00358,high,low,False,0.2000,0.8000,-0.6000,0.8000,low,False
869,probe_checkpoints.withDefense484Only,sol-00360,high,low,False,0.5000,0.8000,-0.3000,0.8000,low,False
870,probe_checkpoints.withRegularGullibility,sol-00364,high,low,False,0.3000,0.8000,-0.5000,0.8000,low,False
871,probe_checkpoints.withDefense484Only,sol-00367,high,low,False,0.2000,0.8000,-0.6000,0.8000,low,False
872,probe_checkpoints.withDefense484Only,sol-00368,high,low,False,0.2000,0.8000,-0.6000,0.8000,low,False
873,probe_checkpoints.withRegularGullibility,sol-00368,low,low,True,0.3000,0.8000,-0.5000,0.8000,low,False
874,probe_checkpoints.withDefense484Only,sol-00372,high,low,False,0.2000,0.8000,-0.6000,0.8000,low,False
875,probe_checkpoints.withDefense484Only,sol-00373,high,low,False,0.3000,0.8000,-0.5000,0.8000,low,False
876,probe_checkpoints.withRegularGullibility,sol-00376,low,low,True,0.2000,0.8000,-0.6000,0.8000,low,False
877,probe_checkpoints.withRegularGullibility,sol-00376,high,low,False,0.2000,0.8000,-0.6000,0.8000,low,False
878,probe_checkpoints.withDefense484Only,sol-00378,high,low,False,0.3000,0.8000,-0.5000,0.8000,low,False
879,probe_checkpoints.withRegularGullibility,sol-00378,high,low,False,0.3000,0.8000,-0.5000,0.8000,low,False
880,probe_checkpoints.withDefense484Only,sol-00381,high,low,False,0.2000,0.8000,-0.6000,0.8000,low,False
881,probe_checkpoints.withRegularGullibility,sol-00381,high,low,False,0.2000,0.8000,-0.6000,0.8000,low,False
882,probe_checkpoints.withDefense484Only,sol-00382,high,low,False,0.3000,0.8000,-0.5000,0.8000,low,False
883,probe_checkpoints.withDefense484Only,sol-00385,high,low,False,0.2000,0.8000,-0.6000,0.8000,low,False
884,probe_checkpoints.withDefense484Only,sol-00001,low,high,False,0.7500,0.5000,+0.2500,0.7500,high,False
885,probe_checkpoints.withRegularGullibility,sol-00005,low,high,False,0.7500,0.5000,+0.2500,0.7500,high,False
886,probe_checkpoints.withRegularGullibility,sol-00005,high,high,True,0.7500,0.5000,+0.2500,0.7500,high,False
887,probe_checkpoints.withRegularGullibility,sol-00007,low,high,False,0.7500,0.6000,+0.1500,0.7500,high,False
888,probe_checkpoints.withRegularGullibility,sol-00007,high,high,True,0.7500,0.6000,+0.1500,0.7500,high,False
889,probe_checkpoints.withDefense484Only,sol-00017,low,high,False,0.7500,0.5000,+0.2500,0.7500,high,False
890,probe_checkpoints.withRegularGullibility,sol-00017,low,high,False,0.7500,0.5500,+0.2000,0.7500,high,False
891,probe_checkpoints.withDefense484Only,sol-00023,low,high,False,0.7500,0.7000,+0.0500,0.7500,high,False
892,probe_checkpoints.withRegularGullibility,sol-00023,low,high,False,0.7500,0.6000,+0.1500,0.7500,high,False
893,probe_checkpoints.withRegularGullibility,sol-00024,high,high,True,0.7500,0.2500,+0.5000,0.7500,high,False
894,probe_checkpoints.withRegularGullibility,sol-00030,low,high,False,0.7500,0.2500,+0.5000,0.7500,high,False
895,probe_checkpoints.withRegularGullibility,sol-00035,low,high,False,0.7500,0.5000,+0.2500,0.7500,high,False
896,probe_checkpoints.withRegularGullibility,sol-00035,high,high,True,0.7500,0.5500,+0.2000,0.7500,high,False
897,probe_checkpoints.withRegularGullibility,sol-00039,high,low,False,0.2500,0.7500,-0.5000,0.7500,low,False
898,probe_checkpoints.withDefense484Only,sol-00046,low,high,False,0.7500,0.5000,+0.2500,0.7500,high,False
899,probe_checkpoints.withRegularGullibility,sol-00046,high,high,True,0.7500,0.5000,+0.2500,0.7500,high,False
900,probe_checkpoints.withDefense484Only,sol-00053,high,high,True,0.7500,0.1000,+0.6500,0.7500,high,False
901,probe_checkpoints.withRegularGullibility,sol-00054,high,high,True,0.7500,0.2500,+0.5000,0.7500,high,False
902,probe_checkpoints.withDefense484Only,sol-00062,low,high,False,0.7500,0.5000,+0.2500,0.7500,high,False
903,probe_checkpoints.withDefense484Only,sol-00064,low,high,False,0.7500,0.2500,+0.5000,0.7500,high,False
904,probe_checkpoints.withDefense484Only,sol-00066,high,high,True,0.7500,0.2500,+0.5000,0.7500,high,False
905,probe_checkpoints.withRegularGullibility,sol-00067,high,high,True,0.7500,0.2500,+0.5000,0.7500,high,False
906,probe_checkpoints.withDefense484Only,sol-00069,high,high,True,0.7500,0.5500,+0.2000,0.7500,high,False
907,probe_checkpoints.withRegularGullibility,sol-00069,high,high,True,0.7500,0.5500,+0.2000,0.7500,high,False
908,probe_checkpoints.withDefense484Only,sol-00071,low,high,False,0.7500,0.5000,+0.2500,0.7500,high,False
909,probe_checkpoints.withRegularGullibility,sol-00071,low,high,False,0.7500,0.5000,+0.2500,0.7500,high,False
910,probe_checkpoints.withRegularGullibility,sol-00071,high,high,True,0.7500,0.6000,+0.1500,0.7500,high,False
911,probe_checkpoints.withDefense484Only,sol-00078,high,high,True,0.7500,0.5000,+0.2500,0.7500,high,False
912,probe_checkpoints.withRegularGullibility,sol-00085,high,high,True,0.7500,0.2500,+0.5000,0.7500,high,False
913,probe_checkpoints.withDefense484Only,sol-00090,low,high,False,0.7500,0.5000,+0.2500,0.7500,high,False
914,probe_checkpoints.withRegularGullibility,sol-00090,high,high,True,0.7500,0.3000,+0.4500,0.7500,high,False
915,probe_checkpoints.withRegularGullibility,sol-00092,high,low,False,0.2500,0.7500,-0.5000,0.7500,low,False
916,probe_checkpoints.withDefense484Only,sol-00093,high,high,True,0.7500,0.2500,+0.5000,0.7500,high,False
917,probe_checkpoints.withRegularGullibility,sol-00100,low,high,False,0.7500,0.6000,+0.1500,0.7500,high,False
918,probe_checkpoints.withDefense484Only,sol-00106,low,high,False,0.7500,0.5000,+0.2500,0.7500,high,False
919,probe_checkpoints.withDefense484Only,sol-00108,high,low,False,0.2500,0.7500,-0.5000,0.7500,low,False
920,probe_checkpoints.withRegularGullibility,sol-00113,low,high,False,0.7500,0.3000,+0.4500,0.7500,high,False
921,probe_checkpoints.withRegularGullibility,sol-00114,low,high,False,0.7500,0.5000,+0.2500,0.7500,high,False
922,probe_checkpoints.withDefense484Only,sol-00119,high,high,True,0.7500,0.2500,+0.5000,0.7500,high,False
923,probe_checkpoints.withDefense484Only,sol-00122,low,high,False,0.7500,0.5000,+0.2500,0.7500,high,False
924,probe_checkpoints.withDefense484Only,sol-00126,high,low,False,0.2500,0.7500,-0.5000,0.7500,low,False
925,probe_checkpoints.withRegularGullibility,sol-00127,high,high,True,0.7500,0.2500,+0.5000,0.7500,high,False
926,probe_checkpoints.withDefense484Only,sol-00130,low,high,False,0.7500,0.2500,+0.5000,0.7500,high,False
927,probe_checkpoints.withDefense484Only,sol-00132,high,low,False,0.2500,0.7500,-0.5000,0.7500,low,False
928,probe_checkpoints.withRegularGullibility,sol-00133,low,high,False,0.7500,0.2500,+0.5000,0.7500,high,False
929,probe_checkpoints.withRegularGullibility,sol-00133,high,low,False,0.2500,0.7500,-0.5000,0.7500,low,False
930,probe_checkpoints.withRegularGullibility,sol-00137,high,high,True,0.7500,0.2500,+0.5000,0.7500,high,False
931,probe_checkpoints.withRegularGullibility,sol-00142,low,high,False,0.7500,0.2500,+0.5000,0.7500,high,False
932,probe_checkpoints.withDefense484Only,sol-00152,high,low,False,0.2500,0.7500,-0.5000,0.7500,low,False
933,probe_checkpoints.withRegularGullibility,sol-00158,high,high,True,0.7500,0.2000,+0.5500,0.7500,high,False
934,probe_checkpoints.withRegularGullibility,sol-00163,high,high,True,0.7500,0.5500,+0.2000,0.7500,high,False
935,probe_checkpoints.withRegularGullibility,sol-00167,high,high,True,0.7500,0.5000,+0.2500,0.7500,high,False
936,probe_checkpoints.withRegularGullibility,sol-00168,low,high,False,0.7500,0.2500,+0.5000,0.7500,high,False
937,probe_checkpoints.withDefense484Only,sol-00179,low,high,False,0.7500,0.2500,+0.5000,0.7500,high,False
938,probe_checkpoints.withDefense484Only,sol-00183,high,high,True,0.7500,0.5000,+0.2500,0.7500,high,False
939,probe_checkpoints.withRegularGullibility,sol-00184,high,high,True,0.7500,0.4000,+0.3500,0.7500,high,False
940,probe_checkpoints.withDefense484Only,sol-00185,low,high,False,0.7500,0.6000,+0.1500,0.7500,high,False
941,probe_checkpoints.withRegularGullibility,sol-00185,low,high,False,0.7500,0.6000,+0.1500,0.7500,high,False
942,probe_checkpoints.withDefense484Only,sol-00193,high,high,True,0.7500,0.2500,+0.5000,0.7500,high,False
943,probe_checkpoints.withRegularGullibility,sol-00194,high,high,True,0.7500,0.2500,+0.5000,0.7500,high,False
944,probe_checkpoints.withDefense484Only,sol-00197,high,low,False,0.1500,0.7500,-0.6000,0.7500,low,False
945,probe_checkpoints.withRegularGullibility,sol-00197,high,high,True,0.7500,0.5000,+0.2500,0.7500,high,False
946,probe_checkpoints.withRegularGullibility,sol-00202,high,high,True,0.7500,0.1500,+0.6000,0.7500,high,False
947,probe_checkpoints.withDefense484Only,sol-00203,high,low,False,0.2500,0.7500,-0.5000,0.7500,low,False
948,probe_checkpoints.withDefense484Only,sol-00205,high,high,True,0.7500,0.2500,+0.5000,0.7500,high,False
949,probe_checkpoints.withDefense484Only,sol-00209,high,high,True,0.7500,0.5500,+0.2000,0.7500,high,False
950,probe_checkpoints.withRegularGullibility,sol-00209,high,high,True,0.7500,0.2500,+0.5000,0.7500,high,False
951,probe_checkpoints.withDefense484Only,sol-00213,low,high,False,0.7500,0.5000,+0.2500,0.7500,high,False
952,probe_checkpoints.withRegularGullibility,sol-00213,low,high,False,0.7500,0.4000,+0.3500,0.7500,high,False
953,probe_checkpoints.withRegularGullibility,sol-00218,high,high,True,0.7500,0.3000,+0.4500,0.7500,high,False
954,probe_checkpoints.withRegularGullibility,sol-00220,high,high,True,0.7500,0.5500,+0.2000,0.7500,high,False
955,probe_checkpoints.withRegularGullibility,sol-00222,high,high,True,0.7500,0.5000,+0.2500,0.7500,high,False
956,probe_checkpoints.withDefense484Only,sol-00223,low,high,False,0.7500,0.5000,+0.2500,0.7500,high,False
957,probe_checkpoints.withRegularGullibility,sol-00226,low,high,False,0.7500,0.5500,+0.2000,0.7500,high,False
958,probe_checkpoints.withDefense484Only,sol-00227,high,high,True,0.7500,0.2500,+0.5000,0.7500,high,False
959,probe_checkpoints.withDefense484Only,sol-00241,high,high,True,0.7500,0.2500,+0.5000,0.7500,high,False
960,probe_checkpoints.withDefense484Only,sol-00249,high,high,True,0.7500,0.2500,+0.5000,0.7500,high,False
961,probe_checkpoints.withDefense484Only,sol-00251,high,high,True,0.7500,0.3000,+0.4500,0.7500,high,False
962,probe_checkpoints.withRegularGullibility,sol-00252,high,high,True,0.7500,0.2500,+0.5000,0.7500,high,False
963,probe_checkpoints.withDefense484Only,sol-00255,low,high,False,0.7500,0.5000,+0.2500,0.7500,high,False
964,probe_checkpoints.withDefense484Only,sol-00257,high,low,False,0.2500,0.7500,-0.5000,0.7500,low,False
965,probe_checkpoints.withRegularGullibility,sol-00263,high,high,True,0.7500,0.5000,+0.2500,0.7500,high,False
966,probe_checkpoints.withDefense484Only,sol-00265,high,high,True,0.7500,0.2500,+0.5000,0.7500,high,False
967,probe_checkpoints.withDefense484Only,sol-00267,high,high,True,0.7500,0.2500,+0.5000,0.7500,high,False
968,probe_checkpoints.withRegularGullibility,sol-00281,high,high,True,0.7500,0.2500,+0.5000,0.7500,high,False
969,probe_checkpoints.withRegularGullibility,sol-00282,high,low,False,0.2500,0.7500,-0.5000,0.7500,low,False
970,probe_checkpoints.withDefense484Only,sol-00288,high,high,True,0.7500,0.5000,+0.2500,0.7500,high,False
971,probe_checkpoints.withDefense484Only,sol-00298,low,high,False,0.7500,0.5000,+0.2500,0.7500,high,False
972,probe_checkpoints.withRegularGullibility,sol-00310,low,high,False,0.7500,0.5500,+0.2000,0.7500,high,False
973,probe_checkpoints.withDefense484Only,sol-00311,high,low,False,0.2500,0.7500,-0.5000,0.7500,low,False
974,probe_checkpoints.withRegularGullibility,sol-00311,high,high,True,0.7500,0.6000,+0.1500,0.7500,high,False
975,probe_checkpoints.withDefense484Only,sol-00313,low,high,False,0.7500,0.2500,+0.5000,0.7500,high,False
976,probe_checkpoints.withDefense484Only,sol-00322,low,high,False,0.7500,0.5000,+0.2500,0.7500,high,False
977,probe_checkpoints.withDefense484Only,sol-00323,low,high,False,0.7500,0.5500,+0.2000,0.7500,high,False
978,probe_checkpoints.withRegularGullibility,sol-00325,high,low,False,0.2500,0.7500,-0.5000,0.7500,low,False
979,probe_checkpoints.withRegularGullibility,sol-00329,high,high,True,0.7500,0.2500,+0.5000,0.7500,high,False
980,probe_checkpoints.withRegularGullibility,sol-00336,high,high,True,0.7500,0.2500,+0.5000,0.7500,high,False
981,probe_checkpoints.withRegularGullibility,sol-00338,high,high,True,0.7500,0.5000,+0.2500,0.7500,high,False
982,probe_checkpoints.withRegularGullibility,sol-00343,high,low,False,0.2500,0.7500,-0.5000,0.7500,low,False
983,probe_checkpoints.withDefense484Only,sol-00352,high,high,True,0.7500,0.2500,+0.5000,0.7500,high,False
984,probe_checkpoints.withRegularGullibility,sol-00353,low,high,False,0.7500,0.5000,+0.2500,0.7500,high,False
985,probe_checkpoints.withRegularGullibility,sol-00356,high,high,True,0.7500,0.2500,+0.5000,0.7500,high,False
986,probe_checkpoints.withRegularGullibility,sol-00361,high,high,True,0.7500,0.2500,+0.5000,0.7500,high,False
987,probe_checkpoints.withRegularGullibility,sol-00362,high,high,True,0.7500,0.5000,+0.2500,0.7500,high,False
988,probe_checkpoints.withDefense484Only,sol-00365,high,high,True,0.7500,0.5500,+0.2000,0.7500,high,False
989,probe_checkpoints.withRegularGullibility,sol-00367,high,high,True,0.7500,0.2500,+0.5000,0.7500,high,False
990,probe_checkpoints.withRegularGullibility,sol-00380,high,high,True,0.7500,0.5000,+0.2500,0.7500,high,False
991,probe_checkpoints.withRegularGullibility,sol-00382,high,high,True,0.7500,0.2000,+0.5500,0.7500,high,False
992,probe_checkpoints.withRegularGullibility,sol-00383,high,low,False,0.2500,0.7500,-0.5000,0.7500,low,False
993,probe_checkpoints.withDefense484Only,sol-00001,high,low,False,0.3000,0.7000,-0.4000,0.7000,low,False
994,probe_checkpoints.withRegularGullibility,sol-00006,low,low,True,0.3000,0.7000,-0.4000,0.7000,low,False
995,probe_checkpoints.withRegularGullibility,sol-00010,low,low,True,0.3000,0.7000,-0.4000,0.7000,low,False
996,probe_checkpoints.withDefense484Only,sol-00017,high,low,False,0.3000,0.7000,-0.4000,0.7000,low,False
997,probe_checkpoints.withRegularGullibility,sol-00017,high,high,True,0.7000,0.6000,+0.1000,0.7000,high,False
998,probe_checkpoints.withDefense484Only,sol-00024,low,high,False,0.7000,0.3000,+0.4000,0.7000,high,False
999,probe_checkpoints.withRegularGullibility,sol-00029,low,high,False,0.7000,0.3000,+0.4000,0.7000,high,False
1000,probe_checkpoints.withRegularGullibility,sol-00032,low,high,False,0.7000,0.3000,+0.4000,0.7000,high,False
1001,probe_checkpoints.withRegularGullibility,sol-00033,low,high,False,0.7000,0.3000,+0.4000,0.7000,high,False
1002,probe_checkpoints.withRegularGullibility,sol-00038,high,low,False,0.3000,0.7000,-0.4000,0.7000,low,False
1003,probe_checkpoints.withDefense484Only,sol-00039,high,low,False,0.3000,0.7000,-0.4000,0.7000,low,False
1004,probe_checkpoints.withRegularGullibility,sol-00045,high,high,True,0.7000,0.3000,+0.4000,0.7000,high,False
1005,probe_checkpoints.withRegularGullibility,sol-00046,low,high,False,0.7000,0.5000,+0.2000,0.7000,high,False
1006,probe_checkpoints.withRegularGullibility,sol-00072,low,high,False,0.7000,0.3000,+0.4000,0.7000,high,False
1007,probe_checkpoints.withRegularGullibility,sol-00086,high,high,True,0.7000,0.3000,+0.4000,0.7000,high,False
1008,probe_checkpoints.withRegularGullibility,sol-00109,high,low,False,0.3000,0.7000,-0.4000,0.7000,low,False
1009,probe_checkpoints.withRegularGullibility,sol-00114,high,high,True,0.7000,0.6000,+0.1000,0.7000,high,False
1010,probe_checkpoints.withRegularGullibility,sol-00116,high,high,True,0.7000,0.3000,+0.4000,0.7000,high,False
1011,probe_checkpoints.withDefense484Only,sol-00119,low,high,False,0.7000,0.0000,+0.7000,0.7000,high,False
1012,probe_checkpoints.withRegularGullibility,sol-00125,low,high,False,0.7000,0.2000,+0.5000,0.7000,high,False
1013,probe_checkpoints.withRegularGullibility,sol-00149,high,low,False,0.5500,0.7000,-0.1500,0.7000,low,False
1014,probe_checkpoints.withDefense484Only,sol-00157,low,high,False,0.7000,0.2000,+0.5000,0.7000,high,False
1015,probe_checkpoints.withRegularGullibility,sol-00159,high,low,False,0.3000,0.7000,-0.4000,0.7000,low,False
1016,probe_checkpoints.withDefense484Only,sol-00161,high,low,False,0.3000,0.7000,-0.4000,0.7000,low,False
1017,probe_checkpoints.withDefense484Only,sol-00162,high,low,False,0.3000,0.7000,-0.4000,0.7000,low,False
1018,probe_checkpoints.withDefense484Only,sol-00163,high,low,False,0.3000,0.7000,-0.4000,0.7000,low,False
1019,probe_checkpoints.withRegularGullibility,sol-00163,low,high,False,0.7000,0.5000,+0.2000,0.7000,high,False
1020,probe_checkpoints.withDefense484Only,sol-00164,high,low,False,0.3000,0.7000,-0.4000,0.7000,low,False
1021,probe_checkpoints.withRegularGullibility,sol-00168,high,low,False,0.3000,0.7000,-0.4000,0.7000,low,False
1022,probe_checkpoints.withRegularGullibility,sol-00169,low,high,False,0.7000,0.5000,+0.2000,0.7000,high,False
1023,probe_checkpoints.withRegularGullibility,sol-00170,high,high,True,0.7000,0.3000,+0.4000,0.7000,high,False
1024,probe_checkpoints.withDefense484Only,sol-00174,high,low,False,0.3000,0.7000,-0.4000,0.7000,low,False
1025,probe_checkpoints.withRegularGullibility,sol-00187,low,high,False,0.7000,0.3000,+0.4000,0.7000,high,False
1026,probe_checkpoints.withRegularGullibility,sol-00187,high,high,True,0.7000,0.5000,+0.2000,0.7000,high,False
1027,probe_checkpoints.withRegularGullibility,sol-00193,high,low,False,0.3000,0.7000,-0.4000,0.7000,low,False
1028,probe_checkpoints.withDefense484Only,sol-00195,high,low,False,0.3000,0.7000,-0.4000,0.7000,low,False
1029,probe_checkpoints.withRegularGullibility,sol-00198,low,low,True,0.3000,0.7000,-0.4000,0.7000,low,False
1030,probe_checkpoints.withRegularGullibility,sol-00198,high,low,False,0.3000,0.7000,-0.4000,0.7000,low,False
1031,probe_checkpoints.withRegularGullibility,sol-00204,high,low,False,0.3000,0.7000,-0.4000,0.7000,low,False
1032,probe_checkpoints.withRegularGullibility,sol-00215,high,high,True,0.7000,0.5000,+0.2000,0.7000,high,False
1033,probe_checkpoints.withRegularGullibility,sol-00216,high,low,False,0.3000,0.7000,-0.4000,0.7000,low,False
1034,probe_checkpoints.withRegularGullibility,sol-00221,high,low,False,0.3000,0.7000,-0.4000,0.7000,low,False
1035,probe_checkpoints.withRegularGullibility,sol-00227,low,low,True,0.3000,0.7000,-0.4000,0.7000,low,False
1036,probe_checkpoints.withRegularGullibility,sol-00229,low,high,False,0.7000,0.3000,+0.4000,0.7000,high,False
1037,probe_checkpoints.withDefense484Only,sol-00234,low,high,False,0.7000,0.2000,+0.5000,0.7000,high,False
1038,probe_checkpoints.withDefense484Only,sol-00239,high,low,False,0.3000,0.7000,-0.4000,0.7000,low,False
1039,probe_checkpoints.withRegularGullibility,sol-00246,low,high,False,0.7000,0.3000,+0.4000,0.7000,high,False
1040,probe_checkpoints.withRegularGullibility,sol-00260,high,low,False,0.3000,0.7000,-0.4000,0.7000,low,False
1041,probe_checkpoints.withDefense484Only,sol-00278,low,high,False,0.7000,0.3000,+0.4000,0.7000,high,False
1042,probe_checkpoints.withRegularGullibility,sol-00278,low,low,True,0.3000,0.7000,-0.4000,0.7000,low,False
1043,probe_checkpoints.withRegularGullibility,sol-00282,low,low,True,0.3000,0.7000,-0.4000,0.7000,low,False
1044,probe_checkpoints.withDefense484Only,sol-00310,high,low,False,0.3000,0.7000,-0.4000,0.7000,low,False
1045,probe_checkpoints.withRegularGullibility,sol-00310,high,high,True,0.7000,0.5000,+0.2000,0.7000,high,False
1046,probe_checkpoints.withDefense484Only,sol-00314,low,high,False,0.7000,0.2000,+0.5000,0.7000,high,False
1047,probe_checkpoints.withRegularGullibility,sol-00316,low,high,False,0.7000,0.3000,+0.4000,0.7000,high,False
1048,probe_checkpoints.withDefense484Only,sol-00336,low,high,False,0.7000,0.2000,+0.5000,0.7000,high,False
1049,probe_checkpoints.withRegularGullibility,sol-00339,low,high,False,0.7000,0.3000,+0.4000,0.7000,high,False
1050,probe_checkpoints.withRegularGullibility,sol-00343,low,low,True,0.3000,0.7000,-0.4000,0.7000,low,False
1051,probe_checkpoints.withRegularGullibility,sol-00346,low,high,False,0.7000,0.5000,+0.2000,0.7000,high,False
1052,probe_checkpoints.withDefense484Only,sol-00362,high,low,False,0.3000,0.7000,-0.4000,0.7000,low,False
1053,probe_checkpoints.withRegularGullibility,sol-00365,low,high,False,0.7000,0.3000,+0.4000,0.7000,high,False
1054,probe_checkpoints.withRegularGullibility,sol-00373,high,high,True,0.7000,0.5500,+0.1500,0.7000,high,False
1055,probe_checkpoints.withRegularGullibility,sol-00382,low,low,True,0.3000,0.7000,-0.4000,0.7000,low,False
1056,probe_checkpoints.withDefense484Only,sol-00374,high,low,False,0.4000,0.6000,-0.2000,0.6000,low,False
1057,probe_checkpoints.withDefense484Only,sol-00016,high,low,False,0.1500,0.5500,-0.4000,0.5500,low,False
1058,probe_checkpoints.withRegularGullibility,sol-00022,high,low,False,0.3000,0.5500,-0.2500,0.5500,low,False
1059,probe_checkpoints.withRegularGullibility,sol-00050,high,high,True,0.5500,0.2000,+0.3500,0.5500,high,False
1060,probe_checkpoints.withRegularGullibility,sol-00073,high,high,True,0.5500,0.5500,+0.0000,0.5500,high,True
1061,probe_checkpoints.withDefense484Only,sol-00105,high,low,False,0.4000,0.5500,-0.1500,0.5500,low,False
1062,probe_checkpoints.withRegularGullibility,sol-00105,high,low,False,0.2500,0.5500,-0.3000,0.5500,low,False
1063,probe_checkpoints.withRegularGullibility,sol-00112,high,high,True,0.5500,0.3000,+0.2500,0.5500,high,False
1064,probe_checkpoints.withRegularGullibility,sol-00132,high,high,True,0.5500,0.2000,+0.3500,0.5500,high,False
1065,probe_checkpoints.withRegularGullibility,sol-00143,high,high,True,0.5500,0.1500,+0.4000,0.5500,high,False
1066,probe_checkpoints.withRegularGullibility,sol-00159,low,high,False,0.5500,0.3000,+0.2500,0.5500,high,False
1067,probe_checkpoints.withRegularGullibility,sol-00160,high,high,True,0.5500,0.2000,+0.3500,0.5500,high,False
1068,probe_checkpoints.withRegularGullibility,sol-00166,high,low,False,0.1500,0.5500,-0.4000,0.5500,low,False
1069,probe_checkpoints.withRegularGullibility,sol-00167,low,high,False,0.5500,0.5000,+0.0500,0.5500,high,False
1070,probe_checkpoints.withDefense484Only,sol-00187,high,high,True,0.5500,0.3000,+0.2500,0.5500,high,False
1071,probe_checkpoints.withDefense484Only,sol-00194,high,high,True,0.5500,0.2000,+0.3500,0.5500,high,False
1072,probe_checkpoints.withRegularGullibility,sol-00211,high,high,True,0.5500,0.3000,+0.2500,0.5500,high,False
1073,probe_checkpoints.withRegularGullibility,sol-00226,high,low,False,0.1500,0.5500,-0.4000,0.5500,low,False
1074,probe_checkpoints.withDefense484Only,sol-00230,high,low,False,0.1500,0.5500,-0.4000,0.5500,low,False
1075,probe_checkpoints.withRegularGullibility,sol-00251,high,high,True,0.5500,0.3000,+0.2500,0.5500,high,False
1076,probe_checkpoints.withRegularGullibility,sol-00267,high,high,True,0.5500,0.2000,+0.3500,0.5500,high,False
1077,probe_checkpoints.withRegularGullibility,sol-00275,high,low,False,0.4000,0.5500,-0.1500,0.5500,low,False
1078,probe_checkpoints.withRegularGullibility,sol-00288,high,low,False,0.4000,0.5500,-0.1500,0.5500,low,False
1079,probe_checkpoints.withRegularGullibility,sol-00308,high,high,True,0.5500,0.5000,+0.0500,0.5500,high,False
1080,probe_checkpoints.withRegularGullibility,sol-00323,high,high,True,0.5500,0.5000,+0.0500,0.5500,high,False
1081,probe_checkpoints.withRegularGullibility,sol-00352,high,high,True,0.5500,0.2500,+0.3000,0.5500,high,False
1082,probe_checkpoints.withDefense484Only,sol-00384,high,high,True,0.5500,0.3000,+0.2500,0.5500,high,False
1083,probe_checkpoints.withRegularGullibility,sol-00384,low,high,False,0.5500,0.2500,+0.3000,0.5500,high,False
1084,probe_checkpoints.withDefense484Only,sol-00011,high,low,False,0.5000,0.5000,+0.0000,0.5000,low,True
1085,probe_checkpoints.withRegularGullibility,sol-00011,high,high,True,0.5000,0.5000,+0.0000,0.5000,high,True
1086,probe_checkpoints.withDefense484Only,sol-00012,high,low,False,0.2000,0.5000,-0.3000,0.5000,low,False
1087,probe_checkpoints.withRegularGullibility,sol-00013,high,high,True,0.5000,0.1000,+0.4000,0.5000,high,False
1088,probe_checkpoints.withRegularGullibility,sol-00016,low,low,True,0.2000,0.5000,-0.3000,0.5000,low,False
1089,probe_checkpoints.withDefense484Only,sol-00019,low,high,False,0.5000,0.5000,+0.0000,0.5000,high,True
1090,probe_checkpoints.withRegularGullibility,sol-00019,high,high,True,0.5000,0.5000,+0.0000,0.5000,high,True
1091,probe_checkpoints.withDefense484Only,sol-00021,high,low,False,0.2000,0.5000,-0.3000,0.5000,low,False
1092,probe_checkpoints.withRegularGullibility,sol-00021,low,low,True,0.2000,0.5000,-0.3000,0.5000,low,False
1093,probe_checkpoints.withRegularGullibility,sol-00052,high,low,False,0.1000,0.5000,-0.4000,0.5000,low,False
1094,probe_checkpoints.withDefense484Only,sol-00055,low,high,False,0.5000,0.5000,+0.0000,0.5000,high,True
1095,probe_checkpoints.withRegularGullibility,sol-00055,low,high,False,0.5000,0.5000,+0.0000,0.5000,high,True
1096,probe_checkpoints.withDefense484Only,sol-00056,high,low,False,0.2000,0.5000,-0.3000,0.5000,low,False
1097,probe_checkpoints.withRegularGullibility,sol-00058,high,low,False,0.1000,0.5000,-0.4000,0.5000,low,False
1098,probe_checkpoints.withRegularGullibility,sol-00066,low,low,True,0.3000,0.5000,-0.2000,0.5000,low,False
1099,probe_checkpoints.withRegularGullibility,sol-00070,low,low,True,0.5000,0.5000,+0.0000,0.5000,low,True
1100,probe_checkpoints.withDefense484Only,sol-00073,high,low,False,0.2000,0.5000,-0.3000,0.5000,low,False
1101,probe_checkpoints.withDefense484Only,sol-00074,high,low,False,0.2000,0.5000,-0.3000,0.5000,low,False
1102,probe_checkpoints.withRegularGullibility,sol-00077,high,low,False,0.2500,0.5000,-0.2500,0.5000,low,False
1103,probe_checkpoints.withRegularGullibility,sol-00089,high,low,False,0.2000,0.5000,-0.3000,0.5000,low,False
1104,probe_checkpoints.withDefense484Only,sol-00092,high,low,False,0.2000,0.5000,-0.3000,0.5000,low,False
1105,probe_checkpoints.withRegularGullibility,sol-00093,high,high,True,0.5000,0.2000,+0.3000,0.5000,high,False
1106,probe_checkpoints.withRegularGullibility,sol-00098,high,low,False,0.2000,0.5000,-0.3000,0.5000,low,False
1107,probe_checkpoints.withDefense484Only,sol-00102,low,high,False,0.5000,0.5000,+0.0000,0.5000,high,True
1108,probe_checkpoints.withDefense484Only,sol-00102,high,low,False,0.2000,0.5000,-0.3000,0.5000,low,False
1109,probe_checkpoints.withRegularGullibility,sol-00106,high,low,False,0.2000,0.5000,-0.3000,0.5000,low,False
1110,probe_checkpoints.withDefense484Only,sol-00109,high,low,False,0.4000,0.5000,-0.1000,0.5000,low,False
1111,probe_checkpoints.withRegularGullibility,sol-00113,high,high,True,0.5000,0.3000,+0.2000,0.5000,high,False
1112,probe_checkpoints.withRegularGullibility,sol-00115,high,low,False,0.5000,0.5000,+0.0000,0.5000,low,True
1113,probe_checkpoints.withRegularGullibility,sol-00118,high,low,False,0.2000,0.5000,-0.3000,0.5000,low,False
1114,probe_checkpoints.withDefense484Only,sol-00123,high,low,False,0.2000,0.5000,-0.3000,0.5000,low,False
1115,probe_checkpoints.withRegularGullibility,sol-00123,low,low,True,0.2000,0.5000,-0.3000,0.5000,low,False
1116,probe_checkpoints.withRegularGullibility,sol-00123,high,low,False,0.2000,0.5000,-0.3000,0.5000,low,False
1117,probe_checkpoints.withRegularGullibility,sol-00124,low,high,False,0.5000,0.5000,+0.0000,0.5000,high,True
1118,probe_checkpoints.withRegularGullibility,sol-00124,high,low,False,0.2000,0.5000,-0.3000,0.5000,low,False
1119,probe_checkpoints.withDefense484Only,sol-00131,low,low,True,0.1000,0.5000,-0.4000,0.5000,low,False
1120,probe_checkpoints.withDefense484Only,sol-00131,high,low,False,0.1000,0.5000,-0.4000,0.5000,low,False
1121,probe_checkpoints.withRegularGullibility,sol-00131,high,low,False,0.2000,0.5000,-0.3000,0.5000,low,False
1122,probe_checkpoints.withDefense484Only,sol-00141,high,low,False,0.2000,0.5000,-0.3000,0.5000,low,False
1123,probe_checkpoints.withDefense484Only,sol-00143,high,low,False,0.3000,0.5000,-0.2000,0.5000,low,False
1124,probe_checkpoints.withDefense484Only,sol-00149,low,low,True,0.2000,0.5000,-0.3000,0.5000,low,False
1125,probe_checkpoints.withDefense484Only,sol-00149,high,low,False,0.2000,0.5000,-0.3000,0.5000,low,False
1126,probe_checkpoints.withRegularGullibility,sol-00149,low,low,True,0.2000,0.5000,-0.3000,0.5000,low,False
1127,probe_checkpoints.withRegularGullibility,sol-00157,low,high,False,0.5000,0.5000,+0.0000,0.5000,high,True
1128,probe_checkpoints.withDefense484Only,sol-00168,high,low,False,0.2000,0.5000,-0.3000,0.5000,low,False
1129,probe_checkpoints.withRegularGullibility,sol-00174,low,low,True,0.5000,0.5000,+0.0000,0.5000,low,True
1130,probe_checkpoints.withRegularGullibility,sol-00174,high,high,True,0.5000,0.3000,+0.2000,0.5000,high,False
1131,probe_checkpoints.withDefense484Only,sol-00178,high,low,False,0.1000,0.5000,-0.4000,0.5000,low,False
1132,probe_checkpoints.withDefense484Only,sol-00185,high,low,False,0.2000,0.5000,-0.3000,0.5000,low,False
1133,probe_checkpoints.withDefense484Only,sol-00188,low,low,True,0.5000,0.5000,+0.0000,0.5000,low,True
1134,probe_checkpoints.withDefense484Only,sol-00188,high,low,False,0.5000,0.5000,+0.0000,0.5000,low,True
1135,probe_checkpoints.withRegularGullibility,sol-00200,high,low,False,0.2000,0.5000,-0.3000,0.5000,low,False
1136,probe_checkpoints.withRegularGullibility,sol-00210,high,low,False,0.4000,0.5000,-0.1000,0.5000,low,False
1137,probe_checkpoints.withRegularGullibility,sol-00211,low,low,True,0.2000,0.5000,-0.3000,0.5000,low,False
1138,probe_checkpoints.withDefense484Only,sol-00218,high,low,False,0.3000,0.5000,-0.2000,0.5000,low,False
1139,probe_checkpoints.withDefense484Only,sol-00226,low,low,True,0.2000,0.5000,-0.3000,0.5000,low,False
1140,probe_checkpoints.withDefense484Only,sol-00226,high,low,False,0.2000,0.5000,-0.3000,0.5000,low,False
1141,probe_checkpoints.withDefense484Only,sol-00228,high,low,False,0.2000,0.5000,-0.3000,0.5000,low,False
1142,probe_checkpoints.withDefense484Only,sol-00232,high,low,False,0.2000,0.5000,-0.3000,0.5000,low,False
1143,probe_checkpoints.withRegularGullibility,sol-00235,high,high,True,0.5000,0.2000,+0.3000,0.5000,high,False
1144,probe_checkpoints.withRegularGullibility,sol-00239,high,low,False,0.2000,0.5000,-0.3000,0.5000,low,False
1145,probe_checkpoints.withDefense484Only,sol-00240,high,low,False,0.2000,0.5000,-0.3000,0.5000,low,False
1146,probe_checkpoints.withRegularGullibility,sol-00241,high,low,False,0.2500,0.5000,-0.2500,0.5000,low,False
1147,probe_checkpoints.withDefense484Only,sol-00243,high,low,False,0.2000,0.5000,-0.3000,0.5000,low,False
1148,probe_checkpoints.withRegularGullibility,sol-00245,low,low,True,0.2000,0.5000,-0.3000,0.5000,low,False
1149,probe_checkpoints.withDefense484Only,sol-00246,low,high,False,0.5000,0.2000,+0.3000,0.5000,high,False
1150,probe_checkpoints.withRegularGullibility,sol-00248,high,high,True,0.5000,0.1000,+0.4000,0.5000,high,False
1151,probe_checkpoints.withDefense484Only,sol-00248,high,low,False,0.2000,0.5000,-0.3000,0.5000,low,False
1152,probe_checkpoints.withDefense484Only,sol-00251,low,low,True,0.2000,0.5000,-0.3000,0.5000,low,False
1153,probe_checkpoints.withRegularGullibility,sol-00253,high,low,False,0.2000,0.5000,-0.3000,0.5000,low,False
1154,probe_checkpoints.withRegularGullibility,sol-00254,low,low,True,0.2000,0.5000,-0.3000,0.5000,low,False
1155,probe_checkpoints.withDefense484Only,sol-00255,high,high,True,0.5000,0.5000,+0.0000,0.5000,high,True
1156,probe_checkpoints.withRegularGullibility,sol-00255,high,low,False,0.2000,0.5000,-0.3000,0.5000,low,False
1157,probe_checkpoints.withRegularGullibility,sol-00259,high,low,False,0.2000,0.5000,-0.3000,0.5000,low,False
1158,probe_checkpoints.withDefense484Only,sol-00264,high,low,False,0.2000,0.5000,-0.3000,0.5000,low,False
1159,probe_checkpoints.withDefense484Only,sol-00269,high,low,False,0.2000,0.5000,-0.3000,0.5000,low,False
1160,probe_checkpoints.withDefense484Only,sol-00271,low,low,True,0.2000,0.5000,-0.3000,0.5000,low,False
1161,probe_checkpoints.withDefense484Only,sol-00271,high,low,False,0.2000,0.5000,-0.3000,0.5000,low,False
1162,probe_checkpoints.withDefense484Only,sol-00272,high,low,False,0.2000,0.5000,-0.3000,0.5000,low,False
1163,probe_checkpoints.withDefense484Only,sol-00275,high,low,False,0.2000,0.5000,-0.3000,0.5000,low,False
1164,probe_checkpoints.withRegularGullibility,sol-00278,high,low,False,0.3000,0.5000,-0.2000,0.5000,low,False
1165,probe_checkpoints.withDefense484Only,sol-00280,high,low,False,0.2000,0.5000,-0.3000,0.5000,low,False
1166,probe_checkpoints.withRegularGullibility,sol-00283,low,low,True,0.3000,0.5000,-0.2000,0.5000,low,False
1167,probe_checkpoints.withRegularGullibility,sol-00283,high,low,False,0.3000,0.5000,-0.2000,0.5000,low,False
1168,probe_checkpoints.withDefense484Only,sol-00285,low,low,True,0.5000,0.5000,+0.0000,0.5000,low,True
1169,probe_checkpoints.withDefense484Only,sol-00293,low,high,False,0.5000,0.5000,+0.0000,0.5000,high,True
1170,probe_checkpoints.withDefense484Only,sol-00299,low,high,False,0.5000,0.0000,+0.5000,0.5000,high,False
1171,probe_checkpoints.withRegularGullibility,sol-00299,high,low,False,0.2000,0.5000,-0.3000,0.5000,low,False
1172,probe_checkpoints.withRegularGullibility,sol-00307,high,low,False,0.2500,0.5000,-0.2500,0.5000,low,False
1173,probe_checkpoints.withDefense484Only,sol-00308,high,low,False,0.2000,0.5000,-0.3000,0.5000,low,False
1174,probe_checkpoints.withDefense484Only,sol-00309,high,high,True,0.5000,0.5000,+0.0000,0.5000,high,True
1175,probe_checkpoints.withRegularGullibility,sol-00314,high,low,False,0.5000,0.5000,+0.0000,0.5000,low,True
1176,probe_checkpoints.withDefense484Only,sol-00315,high,low,False,0.3000,0.5000,-0.2000,0.5000,low,False
1177,probe_checkpoints.withRegularGullibility,sol-00315,low,low,True,0.2000,0.5000,-0.3000,0.5000,low,False
1178,probe_checkpoints.withRegularGullibility,sol-00315,high,low,False,0.2000,0.5000,-0.3000,0.5000,low,False
1179,probe_checkpoints.withDefense484Only,sol-00324,high,high,True,0.5000,0.5000,+0.0000,0.5000,high,True
1180,probe_checkpoints.withDefense484Only,sol-00326,low,low,True,0.3000,0.5000,-0.2000,0.5000,low,False
1181,probe_checkpoints.withRegularGullibility,sol-00333,high,low,False,0.2000,0.5000,-0.3000,0.5000,low,False
1182,probe_checkpoints.withRegularGullibility,sol-00334,low,low,True,0.2000,0.5000,-0.3000,0.5000,low,False
1183,probe_checkpoints.withRegularGullibility,sol-00342,high,high,True,0.5000,0.2000,+0.3000,0.5000,high,False
1184,probe_checkpoints.withRegularGullibility,sol-00346,high,low,False,0.3000,0.5000,-0.2000,0.5000,low,False
1185,probe_checkpoints.withRegularGullibility,sol-00353,high,low,False,0.2000,0.5000,-0.3000,0.5000,low,False
1186,probe_checkpoints.withDefense484Only,sol-00358,high,low,False,0.2000,0.5000,-0.3000,0.5000,low,False
1187,probe_checkpoints.withRegularGullibility,sol-00359,high,high,True,0.5000,0.2000,+0.3000,0.5000,high,False
1188,probe_checkpoints.withDefense484Only,sol-00362,low,low,True,0.2000,0.5000,-0.3000,0.5000,low,False
1189,probe_checkpoints.withRegularGullibility,sol-00362,low,high,False,0.5000,0.5000,+0.0000,0.5000,high,True
1190,probe_checkpoints.withRegularGullibility,sol-00368,high,low,False,0.5000,0.5000,+0.0000,0.5000,low,True
1191,probe_checkpoints.withDefense484Only,sol-00369,high,low,False,0.2000,0.5000,-0.3000,0.5000,low,False
1192,probe_checkpoints.withRegularGullibility,sol-00369,low,low,True,0.2000,0.5000,-0.3000,0.5000,low,False
1193,probe_checkpoints.withRegularGullibility,sol-00369,high,low,False,0.2000,0.5000,-0.3000,0.5000,low,False
1194,probe_checkpoints.withRegularGullibility,sol-00378,low,low,True,0.3000,0.5000,-0.2000,0.5000,low,False
1195,probe_checkpoints.withDefense484Only,sol-00384,low,high,False,0.5000,0.5000,+0.0000,0.5000,high,True
1196,probe_checkpoints.withRegularGullibility,sol-00384,high,low,False,0.3000,0.5000,-0.2000,0.5000,low,False
1197,probe_checkpoints.withDefense484Only,sol-00113,high,high,True,0.4500,0.3000,+0.1500,0.4500,high,False
1198,probe_checkpoints.withRegularGullibility,sol-00144,high,high,True,0.4500,0.2000,+0.2500,0.4500,high,False
1199,probe_checkpoints.withRegularGullibility,sol-00182,high,high,True,0.4500,0.2000,+0.2500,0.4500,high,False
1200,probe_checkpoints.withDefense484Only,sol-00346,high,high,True,0.4500,0.2500,+0.2000,0.4500,high,False
1201,probe_checkpoints.withRegularGullibility,sol-00374,high,high,True,0.4500,0.2000,+0.2500,0.4500,high,False
1202,probe_checkpoints.withRegularGullibility,sol-00003,low,high,False,0.4000,0.2000,+0.2000,0.4000,high,False
1203,probe_checkpoints.withRegularGullibility,sol-00023,high,low,False,0.3000,0.4000,-0.1000,0.4000,low,False
1204,probe_checkpoints.withDefense484Only,sol-00035,high,high,True,0.4000,0.2000,+0.2000,0.4000,high,False
1205,probe_checkpoints.withDefense484Only,sol-00050,high,high,True,0.4000,0.3000,+0.1000,0.4000,high,False
1206,probe_checkpoints.withRegularGullibility,sol-00060,high,high,True,0.4000,0.3000,+0.1000,0.4000,high,False
1207,probe_checkpoints.withDefense484Only,sol-00085,high,high,True,0.4000,0.2000,+0.2000,0.4000,high,False
1208,probe_checkpoints.withDefense484Only,sol-00089,high,high,True,0.4000,0.3000,+0.1000,0.4000,high,False
1209,probe_checkpoints.withRegularGullibility,sol-00105,low,low,True,0.3000,0.4000,-0.1000,0.4000,low,False
1210,probe_checkpoints.withRegularGullibility,sol-00153,high,high,True,0.4000,0.2000,+0.2000,0.4000,high,False
1211,probe_checkpoints.withRegularGullibility,sol-00161,high,high,True,0.4000,0.2000,+0.2000,0.4000,high,False
1212,probe_checkpoints.withDefense484Only,sol-00202,high,high,True,0.4000,0.0000,+0.4000,0.4000,high,False
1213,probe_checkpoints.withRegularGullibility,sol-00298,high,high,True,0.4000,0.2000,+0.2000,0.4000,high,False
1214,probe_checkpoints.withRegularGullibility,sol-00351,high,high,True,0.4000,0.1000,+0.3000,0.4000,high,False
1215,probe_checkpoints.withDefense484Only,sol-00005,high,low,False,0.2000,0.3000,-0.1000,0.3000,low,False
1216,probe_checkpoints.withRegularGullibility,sol-00006,high,low,False,0.2000,0.3000,-0.1000,0.3000,low,False
1217,probe_checkpoints.withRegularGullibility,sol-00020,high,high,True,0.3000,0.2000,+0.1000,0.3000,high,False
1218,probe_checkpoints.withDefense484Only,sol-00034,high,low,False,0.2000,0.3000,-0.1000,0.3000,low,False
1219,probe_checkpoints.withRegularGullibility,sol-00034,high,low,False,0.2000,0.3000,-0.1000,0.3000,low,False
1220,probe_checkpoints.withRegularGullibility,sol-00037,high,high,True,0.3000,0.1000,+0.2000,0.3000,low,False
1221,probe_checkpoints.withRegularGullibility,sol-00047,low,high,False,0.3000,0.1000,+0.2000,0.3000,high,False
1222,probe_checkpoints.withDefense484Only,sol-00048,high,low,False,0.2000,0.3000,-0.1000,0.3000,low,False
1223,probe_checkpoints.withRegularGullibility,sol-00048,high,low,False,0.2000,0.3000,-0.1000,0.3000,low,False
1224,probe_checkpoints.withDefense484Only,sol-00060,high,low,False,0.2000,0.3000,-0.1000,0.3000,low,False
1225,probe_checkpoints.withDefense484Only,sol-00061,high,high,True,0.3000,0.2000,+0.1000,0.3000,high,False
1226,probe_checkpoints.withRegularGullibility,sol-00061,high,high,True,0.3000,0.2000,+0.1000,0.3000,high,False
1227,probe_checkpoints.withDefense484Only,sol-00062,high,low,False,0.2000,0.3000,-0.1000,0.3000,low,False
1228,probe_checkpoints.withRegularGullibility,sol-00066,high,high,True,0.3000,0.1000,+0.2000,0.3000,high,False
1229,probe_checkpoints.withRegularGullibility,sol-00086,low,high,False,0.3000,0.1000,+0.2000,0.3000,high,False
1230,probe_checkpoints.withRegularGullibility,sol-00091,high,high,True,0.3000,0.1000,+0.2000,0.3000,high,False
1231,probe_checkpoints.withDefense484Only,sol-00100,high,low,False,0.2000,0.3000,-0.1000,0.3000,low,False
1232,probe_checkpoints.withDefense484Only,sol-00101,high,low,False,0.2000,0.3000,-0.1000,0.3000,low,False
1233,probe_checkpoints.withRegularGullibility,sol-00101,low,high,False,0.3000,0.2000,+0.1000,0.3000,high,False
1234,probe_checkpoints.withRegularGullibility,sol-00101,high,high,True,0.3000,0.2000,+0.1000,0.3000,high,False
1235,probe_checkpoints.withDefense484Only,sol-00103,high,high,True,0.3000,0.1000,+0.2000,0.3000,high,False
1236,probe_checkpoints.withDefense484Only,sol-00111,high,low,False,0.2000,0.3000,-0.1000,0.3000,low,False
1237,probe_checkpoints.withRegularGullibility,sol-00119,high,low,False,0.2500,0.3000,-0.0500,0.3000,low,False
1238,probe_checkpoints.withDefense484Only,sol-00121,high,low,False,0.2000,0.3000,-0.1000,0.3000,low,False
1239,probe_checkpoints.withRegularGullibility,sol-00126,high,low,False,0.2000,0.3000,-0.1000,0.3000,low,False
1240,probe_checkpoints.withDefense484Only,sol-00135,high,high,True,0.3000,0.1000,+0.2000,0.3000,high,False
1241,probe_checkpoints.withRegularGullibility,sol-00143,low,high,False,0.3000,0.1000,+0.2000,0.3000,high,False
1242,probe_checkpoints.withDefense484Only,sol-00144,high,high,True,0.3000,0.2000,+0.1000,0.3000,high,False
1243,probe_checkpoints.withDefense484Only,sol-00156,high,high,True,0.3000,0.1000,+0.2000,0.3000,high,False
1244,probe_checkpoints.withRegularGullibility,sol-00156,high,high,True,0.3000,0.1000,+0.2000,0.3000,high,False
1245,probe_checkpoints.withDefense484Only,sol-00159,low,low,True,0.2000,0.3000,-0.1000,0.3000,low,False
1246,probe_checkpoints.withRegularGullibility,sol-00162,low,high,False,0.3000,0.2000,+0.1000,0.3000,high,False
1247,probe_checkpoints.withDefense484Only,sol-00165,high,high,True,0.3000,0.2000,+0.1000,0.3000,high,False
1248,probe_checkpoints.withRegularGullibility,sol-00165,high,high,True,0.3000,0.2000,+0.1000,0.3000,high,False
1249,probe_checkpoints.withDefense484Only,sol-00167,high,high,True,0.3000,0.2000,+0.1000,0.3000,high,False
1250,probe_checkpoints.withDefense484Only,sol-00173,high,low,False,0.1500,0.3000,-0.1500,0.3000,low,False
1251,probe_checkpoints.withRegularGullibility,sol-00173,low,low,True,0.2000,0.3000,-0.1000,0.3000,low,False
1252,probe_checkpoints.withRegularGullibility,sol-00173,high,high,True,0.3000,0.2000,+0.1000,0.3000,high,False
1253,probe_checkpoints.withRegularGullibility,sol-00175,low,high,False,0.3000,0.1000,+0.2000,0.3000,high,False
1254,probe_checkpoints.withRegularGullibility,sol-00177,high,high,True,0.3000,0.1000,+0.2000,0.3000,high,False
1255,probe_checkpoints.withDefense484Only,sol-00184,high,low,False,0.2000,0.3000,-0.1000,0.3000,low,False
1256,probe_checkpoints.withDefense484Only,sol-00192,high,low,False,0.1500,0.3000,-0.1500,0.3000,low,False
1257,probe_checkpoints.withDefense484Only,sol-00200,high,low,False,0.1500,0.3000,-0.1500,0.3000,low,False
1258,probe_checkpoints.withRegularGullibility,sol-00202,low,high,False,0.3000,0.1000,+0.2000,0.3000,high,False
1259,probe_checkpoints.withDefense484Only,sol-00204,high,low,False,0.2000,0.3000,-0.1000,0.3000,low,False
1260,probe_checkpoints.withDefense484Only,sol-00213,high,low,False,0.2500,0.3000,-0.0500,0.3000,low,False
1261,probe_checkpoints.withDefense484Only,sol-00214,high,low,False,0.2000,0.3000,-0.1000,0.3000,low,False
1262,probe_checkpoints.withRegularGullibility,sol-00217,low,high,False,0.3000,0.2000,+0.1000,0.3000,high,False
1263,probe_checkpoints.withRegularGullibility,sol-00224,high,low,False,0.2000,0.3000,-0.1000,0.3000,low,False
1264,probe_checkpoints.withRegularGullibility,sol-00227,high,high,True,0.3000,0.1000,+0.2000,0.3000,low,False
1265,probe_checkpoints.withRegularGullibility,sol-00234,low,low,True,0.2000,0.3000,-0.1000,0.3000,low,False
1266,probe_checkpoints.withRegularGullibility,sol-00239,low,high,False,0.3000,0.2000,+0.1000,0.3000,high,False
1267,probe_checkpoints.withRegularGullibility,sol-00240,high,high,True,0.3000,0.2000,+0.1000,0.3000,high,False
1268,probe_checkpoints.withDefense484Only,sol-00261,high,high,True,0.3000,0.2000,+0.1000,0.3000,high,False
1269,probe_checkpoints.withRegularGullibility,sol-00261,low,low,True,0.2000,0.3000,-0.1000,0.3000,low,False
1270,probe_checkpoints.withRegularGullibility,sol-00261,high,high,True,0.3000,0.2000,+0.1000,0.3000,high,False
1271,probe_checkpoints.withDefense484Only,sol-00263,high,high,True,0.3000,0.2000,+0.1000,0.3000,high,False
1272,probe_checkpoints.withRegularGullibility,sol-00271,high,high,True,0.3000,0.1000,+0.2000,0.3000,high,False
1273,probe_checkpoints.withDefense484Only,sol-00278,high,low,False,0.2000,0.3000,-0.1000,0.3000,low,False
1274,probe_checkpoints.withDefense484Only,sol-00279,high,low,False,0.1000,0.3000,-0.2000,0.3000,low,False
1275,probe_checkpoints.withDefense484Only,sol-00281,high,high,True,0.3000,0.1000,+0.2000,0.3000,low,False
1276,probe_checkpoints.withRegularGullibility,sol-00289,high,high,True,0.3000,0.2000,+0.1000,0.3000,high,False
1277,probe_checkpoints.withRegularGullibility,sol-00295,high,high,True,0.3000,0.2000,+0.1000,0.3000,high,False
1278,probe_checkpoints.withDefense484Only,sol-00304,high,high,True,0.3000,0.1000,+0.2000,0.3000,low,False
1279,probe_checkpoints.withRegularGullibility,sol-00305,high,low,False,0.2000,0.3000,-0.1000,0.3000,low,False
1280,probe_checkpoints.withDefense484Only,sol-00312,high,high,True,0.3000,0.1000,+0.2000,0.3000,high,False
1281,probe_checkpoints.withRegularGullibility,sol-00312,low,high,False,0.3000,0.1000,+0.2000,0.3000,high,False
1282,probe_checkpoints.withRegularGullibility,sol-00313,low,high,False,0.3000,0.1000,+0.2000,0.3000,low,False
1283,probe_checkpoints.withDefense484Only,sol-00323,high,high,True,0.3000,0.1000,+0.2000,0.3000,low,False
1284,probe_checkpoints.withRegularGullibility,sol-00323,low,high,False,0.3000,0.2000,+0.1000,0.3000,high,False
1285,probe_checkpoints.withRegularGullibility,sol-00326,high,high,True,0.3000,0.2000,+0.1000,0.3000,high,False
1286,probe_checkpoints.withDefense484Only,sol-00329,high,high,True,0.3000,0.2000,+0.1000,0.3000,high,False
1287,probe_checkpoints.withRegularGullibility,sol-00334,high,high,True,0.3000,0.2000,+0.1000,0.3000,high,False
1288,probe_checkpoints.withDefense484Only,sol-00351,low,high,False,0.3000,0.0000,+0.3000,0.3000,high,False
1289,probe_checkpoints.withDefense484Only,sol-00351,high,high,True,0.3000,0.1000,+0.2000,0.3000,high,False
1290,probe_checkpoints.withRegularGullibility,sol-00355,low,high,False,0.3000,0.1000,+0.2000,0.3000,high,False
1291,probe_checkpoints.withRegularGullibility,sol-00355,high,high,True,0.3000,0.1000,+0.2000,0.3000,high,False
1292,probe_checkpoints.withRegularGullibility,sol-00370,low,high,False,0.3000,0.1000,+0.2000,0.3000,low,False
1293,probe_checkpoints.withRegularGullibility,sol-00374,low,high,False,0.3000,0.2000,+0.1000,0.3000,high,False
1294,probe_checkpoints.withRegularGullibility,sol-00033,high,high,True,0.2500,0.1500,+0.1000,0.2500,high,False
1295,probe_checkpoints.withDefense484Only,sol-00066,low,high,False,0.2500,0.0000,+0.2500,0.2500,high,False
1296,probe_checkpoints.withRegularGullibility,sol-00081,low,high,False,0.2500,0.1000,+0.1500,0.2500,low,False
1297,probe_checkpoints.withDefense484Only,sol-00086,high,high,True,0.2500,0.1000,+0.1500,0.2500,low,False
1298,probe_checkpoints.withRegularGullibility,sol-00100,high,high,True,0.2500,0.2000,+0.0500,0.2500,low,False
1299,probe_checkpoints.withDefense484Only,sol-00127,high,high,True,0.2500,0.1500,+0.1000,0.2500,high,False
1300,probe_checkpoints.withDefense484Only,sol-00196,high,high,True,0.2500,0.1500,+0.1000,0.2500,high,False
1301,probe_checkpoints.withRegularGullibility,sol-00213,high,high,True,0.2500,0.1500,+0.1000,0.2500,high,False
1302,probe_checkpoints.withDefense484Only,sol-00220,high,high,True,0.2500,0.1500,+0.1000,0.2500,high,False
1303,probe_checkpoints.withRegularGullibility,sol-00242,high,high,True,0.2500,0.1000,+0.1500,0.2500,low,False
1304,probe_checkpoints.withRegularGullibility,sol-00244,high,high,True,0.2500,0.1000,+0.1500,0.2500,low,False
1305,probe_checkpoints.withRegularGullibility,sol-00297,high,high,True,0.2500,0.1000,+0.1500,0.2500,low,False
1306,probe_checkpoints.withRegularGullibility,sol-00301,high,high,True,0.2500,0.0500,+0.2000,0.2500,low,False
1307,probe_checkpoints.withRegularGullibility,sol-00313,high,high,True,0.2500,0.0500,+0.2000,0.2500,low,False
1308,probe_checkpoints.withDefense484Only,sol-00318,high,high,True,0.2500,0.1000,+0.1500,0.2500,low,False
1309,probe_checkpoints.withDefense484Only,sol-00332,high,high,True,0.2500,0.1000,+0.1500,0.2500,low,False
1310,probe_checkpoints.withDefense484Only,sol-00007,high,high,True,0.2000,0.1000,+0.1000,0.2000,high,False
1311,probe_checkpoints.withRegularGullibility,sol-00002,high,high,True,0.2000,0.1000,+0.1000,0.2000,low,False
1312,probe_checkpoints.withRegularGullibility,sol-00003,high,high,True,0.2000,0.2000,+0.0000,0.2000,high,True
1313,probe_checkpoints.withDefense484Only,sol-00003,high,high,True,0.2000,0.1000,+0.1000,0.2000,low,False
1314,probe_checkpoints.withDefense484Only,sol-00004,low,high,False,0.2000,0.1000,+0.1000,0.2000,high,False
1315,probe_checkpoints.withDefense484Only,sol-00015,high,high,True,0.2000,0.1000,+0.1000,0.2000,high,False
1316,probe_checkpoints.withRegularGullibility,sol-00015,high,high,True,0.2000,0.1000,+0.1000,0.2000,high,False
1317,probe_checkpoints.withRegularGullibility,sol-00016,high,high,True,0.2000,0.1000,+0.1000,0.2000,low,False
1318,probe_checkpoints.withDefense484Only,sol-00019,high,high,True,0.2000,0.1000,+0.1000,0.2000,low,False
1319,probe_checkpoints.withRegularGullibility,sol-00022,low,high,False,0.2000,0.0000,+0.2000,0.2000,high,False
1320,probe_checkpoints.withDefense484Only,sol-00023,high,low,False,0.1500,0.2000,-0.0500,0.2000,low,False
1321,probe_checkpoints.withDefense484Only,sol-00026,high,high,True,0.2000,0.1000,+0.1000,0.2000,low,False
1322,probe_checkpoints.withRegularGullibility,sol-00036,high,high,True,0.2000,0.1000,+0.1000,0.2000,high,False
1323,probe_checkpoints.withDefense484Only,sol-00037,high,high,True,0.2000,0.1000,+0.1000,0.2000,low,False
1324,probe_checkpoints.withRegularGullibility,sol-00043,low,high,False,0.2000,0.1000,+0.1000,0.2000,high,False
1325,probe_checkpoints.withDefense484Only,sol-00044,low,high,False,0.2000,0.0000,+0.2000,0.2000,high,False
1326,probe_checkpoints.withRegularGullibility,sol-00053,low,high,False,0.2000,0.0000,+0.2000,0.2000,high,False
1327,probe_checkpoints.withDefense484Only,sol-00054,low,high,False,0.2000,0.0000,+0.2000,0.2000,high,False
1328,probe_checkpoints.withDefense484Only,sol-00057,high,high,True,0.2000,0.1000,+0.1000,0.2000,low,False
1329,probe_checkpoints.withRegularGullibility,sol-00057,high,high,True,0.2000,0.1000,+0.1000,0.2000,high,False
1330,probe_checkpoints.withDefense484Only,sol-00063,high,high,True,0.2000,0.1000,+0.1000,0.2000,high,False
1331,probe_checkpoints.withRegularGullibility,sol-00063,high,high,True,0.2000,0.1000,+0.1000,0.2000,low,False
1332,probe_checkpoints.withRegularGullibility,sol-00065,low,high,False,0.2000,0.1000,+0.1000,0.2000,low,False
1333,probe_checkpoints.withRegularGullibility,sol-00072,high,high,True,0.2000,0.1000,+0.1000,0.2000,high,False
1334,probe_checkpoints.withRegularGullibility,sol-00074,high,high,True,0.2000,0.1000,+0.1000,0.2000,low,False
1335,probe_checkpoints.withRegularGullibility,sol-00075,high,high,True,0.2000,0.2000,+0.0000,0.2000,high,True
1336,probe_checkpoints.withRegularGullibility,sol-00077,low,high,False,0.2000,0.1000,+0.1000,0.2000,high,False
1337,probe_checkpoints.withDefense484Only,sol-00080,high,high,True,0.2000,0.1000,+0.1000,0.2000,low,False
1338,probe_checkpoints.withDefense484Only,sol-00081,high,high,True,0.2000,0.1000,+0.1000,0.2000,low,False
1339,probe_checkpoints.withRegularGullibility,sol-00081,high,high,True,0.2000,0.0000,+0.2000,0.2000,high,False
1340,probe_checkpoints.withDefense484Only,sol-00084,high,high,True,0.2000,0.1000,+0.1000,0.2000,high,False
1341,probe_checkpoints.withRegularGullibility,sol-00084,high,high,True,0.2000,0.1000,+0.1000,0.2000,low,False
1342,probe_checkpoints.withDefense484Only,sol-00094,high,high,True,0.2000,0.1000,+0.1000,0.2000,low,False
1343,probe_checkpoints.withRegularGullibility,sol-00096,high,high,True,0.2000,0.0000,+0.2000,0.2000,high,False
1344,probe_checkpoints.withDefense484Only,sol-00099,high,high,True,0.2000,0.1000,+0.1000,0.2000,low,False
1345,probe_checkpoints.withDefense484Only,sol-00100,low,high,False,0.2000,0.2000,+0.0000,0.2000,high,True
1346,probe_checkpoints.withDefense484Only,sol-00101,low,high,False,0.2000,0.1000,+0.1000,0.2000,low,False
1347,probe_checkpoints.withDefense484Only,sol-00106,high,high,True,0.2000,0.2000,+0.0000,0.2000,high,True
1348,probe_checkpoints.withDefense484Only,sol-00114,high,high,True,0.2000,0.1000,+0.1000,0.2000,low,False
1349,probe_checkpoints.withRegularGullibility,sol-00126,low,high,False,0.2000,0.1000,+0.1000,0.2000,high,False
1350,probe_checkpoints.withRegularGullibility,sol-00128,high,high,True,0.2000,0.1000,+0.1000,0.2000,high,False
1351,probe_checkpoints.withDefense484Only,sol-00128,high,high,True,0.2000,0.0500,+0.1500,0.2000,high,False
1352,probe_checkpoints.withRegularGullibility,sol-00132,low,high,False,0.2000,0.1000,+0.1000,0.2000,high,False
1353,probe_checkpoints.withRegularGullibility,sol-00134,high,high,True,0.2000,0.1000,+0.1000,0.2000,low,False
1354,probe_checkpoints.withDefense484Only,sol-00138,high,high,True,0.2000,0.1000,+0.1000,0.2000,high,False
1355,probe_checkpoints.withDefense484Only,sol-00142,high,high,True,0.2000,0.1000,+0.1000,0.2000,high,False
1356,probe_checkpoints.withRegularGullibility,sol-00142,high,high,True,0.2000,0.0000,+0.2000,0.2000,high,False
1357,probe_checkpoints.withDefense484Only,sol-00154,low,high,False,0.2000,0.1000,+0.1000,0.2000,high,False
1358,probe_checkpoints.withRegularGullibility,sol-00154,high,high,True,0.2000,0.1000,+0.1000,0.2000,high,False
1359,probe_checkpoints.withDefense484Only,sol-00157,high,high,True,0.2000,0.1000,+0.1000,0.2000,low,False
1360,probe_checkpoints.withRegularGullibility,sol-00162,high,high,True,0.2000,0.1000,+0.1000,0.2000,low,False
1361,probe_checkpoints.withRegularGullibility,sol-00165,low,high,False,0.2000,0.0500,+0.1500,0.2000,high,False
1362,probe_checkpoints.withDefense484Only,sol-00171,high,high,True,0.2000,0.1000,+0.1000,0.2000,high,False
1363,probe_checkpoints.withRegularGullibility,sol-00171,high,high,True,0.2000,0.1000,+0.1000,0.2000,low,False
1364,probe_checkpoints.withDefense484Only,sol-00176,high,high,True,0.2000,0.1000,+0.1000,0.2000,low,False
1365,probe_checkpoints.withDefense484Only,sol-00191,high,high,True,0.2000,0.1000,+0.1000,0.2000,low,False
1366,probe_checkpoints.withRegularGullibility,sol-00201,high,low,False,0.1500,0.2000,-0.0500,0.2000,low,False
1367,probe_checkpoints.withDefense484Only,sol-00207,high,high,True,0.2000,0.1000,+0.1000,0.2000,high,False
1368,probe_checkpoints.withRegularGullibility,sol-00207,high,high,True,0.2000,0.1000,+0.1000,0.2000,high,False
1369,probe_checkpoints.withRegularGullibility,sol-00208,high,high,True,0.2000,0.1000,+0.1000,0.2000,high,False
1370,probe_checkpoints.withDefense484Only,sol-00216,high,high,True,0.2000,0.0500,+0.1500,0.2000,high,False
1371,probe_checkpoints.withDefense484Only,sol-00217,low,high,False,0.2000,0.1000,+0.1000,0.2000,low,False
1372,probe_checkpoints.withDefense484Only,sol-00217,high,high,True,0.2000,0.1000,+0.1000,0.2000,low,False
1373,probe_checkpoints.withDefense484Only,sol-00222,high,high,True,0.2000,0.1000,+0.1000,0.2000,high,False
1374,probe_checkpoints.withRegularGullibility,sol-00225,high,high,True,0.2000,0.1000,+0.1000,0.2000,high,False
1375,probe_checkpoints.withDefense484Only,sol-00250,high,high,True,0.2000,0.1000,+0.1000,0.2000,high,False
1376,probe_checkpoints.withDefense484Only,sol-00252,high,high,True,0.2000,0.1000,+0.1000,0.2000,low,False
1377,probe_checkpoints.withDefense484Only,sol-00253,high,high,True,0.2000,0.1000,+0.1000,0.2000,high,False
1378,probe_checkpoints.withDefense484Only,sol-00261,low,high,False,0.2000,0.1000,+0.1000,0.2000,low,False
1379,probe_checkpoints.withRegularGullibility,sol-00273,high,high,True,0.2000,0.1000,+0.1000,0.2000,low,False
1380,probe_checkpoints.withDefense484Only,sol-00274,high,high,True,0.2000,0.1000,+0.1000,0.2000,low,False
1381,probe_checkpoints.withDefense484Only,sol-00289,low,high,False,0.2000,0.1000,+0.1000,0.2000,low,False
1382,probe_checkpoints.withRegularGullibility,sol-00290,high,high,True,0.2000,0.1000,+0.1000,0.2000,high,False
1383,probe_checkpoints.withDefense484Only,sol-00291,high,high,True,0.2000,0.1000,+0.1000,0.2000,low,False
1384,probe_checkpoints.withRegularGullibility,sol-00291,high,high,True,0.2000,0.1000,+0.1000,0.2000,high,False
1385,probe_checkpoints.withDefense484Only,sol-00294,high,high,True,0.2000,0.1000,+0.1000,0.2000,high,False
1386,probe_checkpoints.withDefense484Only,sol-00297,high,high,True,0.2000,0.1000,+0.1000,0.2000,low,False
1387,probe_checkpoints.withDefense484Only,sol-00299,high,high,True,0.2000,0.1000,+0.1000,0.2000,low,False
1388,probe_checkpoints.withDefense484Only,sol-00300,high,high,True,0.2000,0.1000,+0.1000,0.2000,high,False
1389,probe_checkpoints.withRegularGullibility,sol-00304,low,high,False,0.2000,0.1000,+0.1000,0.2000,high,False
1390,probe_checkpoints.withRegularGullibility,sol-00304,high,high,True,0.2000,0.1000,+0.1000,0.2000,high,False
1391,probe_checkpoints.withDefense484Only,sol-00305,high,low,False,0.1500,0.2000,-0.0500,0.2000,low,False
1392,probe_checkpoints.withDefense484Only,sol-00317,high,high,True,0.2000,0.1000,+0.1000,0.2000,low,False
1393,probe_checkpoints.withRegularGullibility,sol-00318,high,high,True,0.2000,0.1000,+0.1000,0.2000,low,False
1394,probe_checkpoints.withDefense484Only,sol-00321,high,high,True,0.2000,0.1000,+0.1000,0.2000,low,False
1395,probe_checkpoints.withRegularGullibility,sol-00321,high,high,True,0.2000,0.1000,+0.1000,0.2000,low,False
1396,probe_checkpoints.withRegularGullibility,sol-00326,low,high,False,0.2000,0.1000,+0.1000,0.2000,low,False
1397,probe_checkpoints.withDefense484Only,sol-00329,low,high,False,0.2000,0.1000,+0.1000,0.2000,high,False
1398,probe_checkpoints.withDefense484Only,sol-00337,high,high,True,0.2000,0.1000,+0.1000,0.2000,high,False
1399,probe_checkpoints.withDefense484Only,sol-00339,high,high,True,0.2000,0.1000,+0.1000,0.2000,low,False
1400,probe_checkpoints.withDefense484Only,sol-00342,high,high,True,0.2000,0.0500,+0.1500,0.2000,high,False
1401,probe_checkpoints.withRegularGullibility,sol-00351,low,high,False,0.2000,0.1000,+0.1000,0.2000,high,False
1402,probe_checkpoints.withDefense484Only,sol-00355,low,high,False,0.2000,0.0000,+0.2000,0.2000,high,False
1403,probe_checkpoints.withRegularGullibility,sol-00360,low,high,False,0.2000,0.1000,+0.1000,0.2000,high,False
1404,probe_checkpoints.withDefense484Only,sol-00361,high,high,True,0.2000,0.1000,+0.1000,0.2000,low,False
1405,probe_checkpoints.withRegularGullibility,sol-00363,high,high,True,0.2000,0.1000,+0.1000,0.2000,high,False
1406,probe_checkpoints.withDefense484Only,sol-00370,high,high,True,0.2000,0.1000,+0.1000,0.2000,low,False
1407,probe_checkpoints.withDefense484Only,sol-00383,high,high,True,0.2000,0.1000,+0.1000,0.2000,high,False
1408,probe_checkpoints.withRegularGullibility,sol-00383,low,high,False,0.2000,0.1000,+0.1000,0.2000,high,False
1409,probe_checkpoints.withRegularGullibility,sol-00021,high,high,True,0.1500,0.0500,+0.1000,0.1500,low,False
1410,probe_checkpoints.withDefense484Only,sol-00042,high,high,True,0.1500,0.1500,+0.0000,0.1500,high,True
1411,probe_checkpoints.withDefense484Only,sol-00067,high,high,True,0.1500,0.1000,+0.0500,0.1500,high,False
1412,probe_checkpoints.withRegularGullibility,sol-00136,high,high,True,0.1500,0.0500,+0.1000,0.1500,high,False
1413,probe_checkpoints.withDefense484Only,sol-00208,high,high,True,0.1500,0.0500,+0.1000,0.1500,low,False
1414,probe_checkpoints.withRegularGullibility,sol-00214,high,high,True,0.1500,0.1000,+0.0500,0.1500,high,False
1415,probe_checkpoints.withRegularGullibility,sol-00245,high,high,True,0.1500,0.0500,+0.1000,0.1500,low,False
1416,probe_checkpoints.withRegularGullibility,sol-00268,high,high,True,0.1500,0.0500,+0.1000,0.1500,high,False
1417,probe_checkpoints.withRegularGullibility,sol-00274,high,high,True,0.1500,0.1000,+0.0500,0.1500,low,False
1418,probe_checkpoints.withRegularGullibility,sol-00307,low,high,False,0.1500,0.1000,+0.0500,0.1500,low,False
1419,probe_checkpoints.withRegularGullibility,sol-00337,high,high,True,0.1500,0.1000,+0.0500,0.1500,high,False
1420,probe_checkpoints.withDefense484Only,sol-00347,high,high,True,0.1500,0.1000,+0.0500,0.1500,low,False
1421,probe_checkpoints.withDefense484Only,sol-00010,high,high,True,0.1000,0.1000,+0.0000,0.1000,high,True
1422,probe_checkpoints.withDefense484Only,sol-00020,high,low,False,0.1000,0.1000,+0.0000,0.1000,low,True
1423,probe_checkpoints.withRegularGullibility,sol-00027,low,high,False,0.1000,0.1000,+0.0000,0.1000,high,True
1424,probe_checkpoints.withDefense484Only,sol-00053,low,high,False,0.1000,0.0000,+0.1000,0.1000,high,False
1425,probe_checkpoints.withDefense484Only,sol-00072,high,high,True,0.1000,0.0000,+0.1000,0.1000,low,False
1426,probe_checkpoints.withDefense484Only,sol-00075,high,low,False,0.1000,0.1000,+0.0000,0.1000,low,True
1427,probe_checkpoints.withRegularGullibility,sol-00078,high,high,True,0.1000,0.1000,+0.0000,0.1000,high,True
1428,probe_checkpoints.withDefense484Only,sol-00083,high,low,False,0.1000,0.1000,+0.0000,0.1000,low,True
1429,probe_checkpoints.withDefense484Only,sol-00085,low,high,False,0.1000,0.0000,+0.1000,0.1000,high,False
1430,probe_checkpoints.withDefense484Only,sol-00107,high,high,True,0.1000,0.0000,+0.1000,0.1000,high,False
1431,probe_checkpoints.withRegularGullibility,sol-00111,high,high,True,0.1000,0.1000,+0.0000,0.1000,high,True
1432,probe_checkpoints.withDefense484Only,sol-00113,low,low,True,0.1000,0.1000,+0.0000,0.1000,low,True
1433,probe_checkpoints.withDefense484Only,sol-00124,low,high,False,0.1000,0.1000,+0.0000,0.1000,high,True
1434,probe_checkpoints.withRegularGullibility,sol-00130,high,low,False,0.1000,0.1000,+0.0000,0.1000,low,True
1435,probe_checkpoints.withDefense484Only,sol-00145,low,high,False,0.1000,0.1000,+0.0000,0.1000,high,True
1436,probe_checkpoints.withRegularGullibility,sol-00147,high,low,False,0.1000,0.1000,+0.0000,0.1000,low,True
1437,probe_checkpoints.withDefense484Only,sol-00154,high,high,True,0.1000,0.0000,+0.1000,0.1000,high,False
1438,probe_checkpoints.withRegularGullibility,sol-00231,high,low,False,0.1000,0.1000,+0.0000,0.1000,low,True
1439,probe_checkpoints.withDefense484Only,sol-00234,high,low,False,0.1000,0.1000,+0.0000,0.1000,low,True
1440,probe_checkpoints.withDefense484Only,sol-00235,high,high,True,0.1000,0.0000,+0.1000,0.1000,high,False
1441,probe_checkpoints.withDefense484Only,sol-00236,high,low,False,0.1000,0.1000,+0.0000,0.1000,low,True
1442,probe_checkpoints.withRegularGullibility,sol-00238,high,low,False,0.1000,0.1000,+0.0000,0.1000,low,True
1443,probe_checkpoints.withDefense484Only,sol-00260,high,low,False,0.1000,0.1000,+0.0000,0.1000,low,True
1444,probe_checkpoints.withDefense484Only,sol-00268,high,high,True,0.1000,0.1000,+0.0000,0.1000,high,True
1445,probe_checkpoints.withRegularGullibility,sol-00270,high,high,True,0.1000,0.1000,+0.0000,0.1000,high,True
1446,probe_checkpoints.withDefense484Only,sol-00281,low,high,False,0.1000,0.1000,+0.0000,0.1000,high,True
1447,probe_checkpoints.withDefense484Only,sol-00312,low,high,False,0.1000,0.0000,+0.1000,0.1000,high,False
1448,probe_checkpoints.withDefense484Only,sol-00313,high,low,False,0.1000,0.1000,+0.0000,0.1000,low,True
1449,probe_checkpoints.withDefense484Only,sol-00345,high,high,True,0.1000,0.1000,+0.0000,0.1000,high,True
1450,probe_checkpoints.withRegularGullibility,sol-00350,low,low,True,0.1000,0.1000,+0.0000,0.1000,low,True
1451,probe_checkpoints.withDefense484Only,sol-00356,high,low,False,0.1000,0.1000,+0.0000,0.1000,low,True
1452,probe_checkpoints.withDefense484Only,sol-00363,high,low,False,0.1000,0.1000,+0.0000,0.1000,low,True
1453,probe_checkpoints.withRegularGullibility,sol-00370,high,high,True,0.1000,0.1000,+0.0000,0.1000,high,True
1454,probe_checkpoints.withDefense484Only,sol-00375,high,low,False,0.1000,0.1000,+0.0000,0.1000,low,True
1455,probe_checkpoints.withDefense484Only,sol-00377,high,low,False,0.1000,0.1000,+0.0000,0.1000,low,True
1456,probe_checkpoints.withDefense484Only,sol-00382,low,low,True,0.1000,0.1000,+0.0000,0.1000,low,True
1457,probe_checkpoints.withDefense484Only,sol-00008,high,high,True,0.0000,0.0000,+0.0000,0.0000,high,True
1458,probe_checkpoints.withRegularGullibility,sol-00010,high,high,True,0.0000,0.0000,+0.0000,0.0000,high,True
1459,probe_checkpoints.withDefense484Only,sol-00033,high,low,False,0.0000,0.0000,+0.0000,0.0000,low,True
1460,probe_checkpoints.withDefense484Only,sol-00038,high,low,False,0.0000,0.0000,+0.0000,0.0000,low,True
1461,probe_checkpoints.withDefense484Only,sol-00039,low,high,False,0.0000,0.0000,+0.0000,0.0000,high,True
1462,probe_checkpoints.withDefense484Only,sol-00044,high,low,False,0.0000,0.0000,+0.0000,0.0000,low,True
1463,probe_checkpoints.withDefense484Only,sol-00046,high,high,True,0.0000,0.0000,+0.0000,0.0000,high,True
1464,probe_checkpoints.withDefense484Only,sol-00050,low,low,True,0.0000,0.0000,+0.0000,0.0000,low,True
1465,probe_checkpoints.withDefense484Only,sol-00059,high,low,False,0.0000,0.0000,+0.0000,0.0000,low,True
1466,probe_checkpoints.withDefense484Only,sol-00065,low,low,True,0.0000,0.0000,+0.0000,0.0000,low,True
1467,probe_checkpoints.withDefense484Only,sol-00077,high,low,False,0.0000,0.0000,+0.0000,0.0000,low,True
1468,probe_checkpoints.withDefense484Only,sol-00088,high,low,False,0.0000,0.0000,+0.0000,0.0000,low,True
1469,probe_checkpoints.withRegularGullibility,sol-00088,low,low,True,0.0000,0.0000,+0.0000,0.0000,low,True
1470,probe_checkpoints.withRegularGullibility,sol-00088,high,low,False,0.0000,0.0000,+0.0000,0.0000,low,True
1471,probe_checkpoints.withDefense484Only,sol-00123,low,high,False,0.0000,0.0000,+0.0000,0.0000,high,True
1472,probe_checkpoints.withRegularGullibility,sol-00139,high,low,False,0.0000,0.0000,+0.0000,0.0000,low,True
1473,probe_checkpoints.withDefense484Only,sol-00147,high,low,False,0.0000,0.0000,+0.0000,0.0000,low,True
1474,probe_checkpoints.withRegularGullibility,sol-00148,high,high,True,0.0000,0.0000,+0.0000,0.0000,high,True
1475,probe_checkpoints.withDefense484Only,sol-00151,high,low,False,0.0000,0.0000,+0.0000,0.0000,low,True
1476,probe_checkpoints.withRegularGullibility,sol-00156,low,high,False,0.0000,0.0000,+0.0000,0.0000,high,True
1477,probe_checkpoints.withDefense484Only,sol-00202,low,high,False,0.0000,0.0000,+0.0000,0.0000,high,True
1478,probe_checkpoints.withDefense484Only,sol-00210,high,low,False,0.0000,0.0000,+0.0000,0.0000,low,True
1479,probe_checkpoints.withDefense484Only,sol-00221,low,low,True,0.0000,0.0000,+0.0000,0.0000,low,True
1480,probe_checkpoints.withRegularGullibility,sol-00230,high,low,False,0.0000,0.0000,+0.0000,0.0000,low,True
1481,probe_checkpoints.withDefense484Only,sol-00237,high,low,False,0.0000,0.0000,+0.0000,0.0000,low,True
1482,probe_checkpoints.withDefense484Only,sol-00256,high,high,True,0.0000,0.0000,+0.0000,0.0000,high,True
1483,probe_checkpoints.withDefense484Only,sol-00262,high,low,False,0.0000,0.0000,+0.0000,0.0000,low,True
1484,probe_checkpoints.withRegularGullibility,sol-00262,high,low,False,0.0000,0.0000,+0.0000,0.0000,low,True
1485,probe_checkpoints.withDefense484Only,sol-00266,high,high,True,0.0000,0.0000,+0.0000,0.0000,high,True
1486,probe_checkpoints.withDefense484Only,sol-00273,high,low,False,0.0000,0.0000,+0.0000,0.0000,low,True
1487,probe_checkpoints.withRegularGullibility,sol-00293,high,low,False,0.0000,0.0000,+0.0000,0.0000,low,True
1488,probe_checkpoints.withDefense484Only,sol-00306,high,low,False,0.0000,0.0000,+0.0000,0.0000,low,True
1489,probe_checkpoints.withRegularGullibility,sol-00320,high,low,False,0.0000,0.0000,+0.0000,0.0000,low,True
1490,probe_checkpoints.withDefense484Only,sol-00322,high,low,False,0.0000,0.0000,+0.0000,0.0000,low,True
1491,probe_checkpoints.withDefense484Only,sol-00332,low,high,False,0.0000,0.0000,+0.0000,0.0000,high,True
1492,probe_checkpoints.withDefense484Only,sol-00333,high,low,False,0.0000,0.0000,+0.0000,0.0000,low,True
1493,probe_checkpoints.withRegularGullibility,sol-00349,high,low,False,0.0000,0.0000,+0.0000,0.0000,low,True
1494,probe_checkpoints.withDefense484Only,sol-00353,high,low,False,0.0000,0.0000,+0.0000,0.0000,low,True
1495,probe_checkpoints.withDefense484Only,sol-00360,low,low,True,0.0000,0.0000,+0.0000,0.0000,low,True
1496,probe_checkpoints.withDefense484Only,sol-00368,low,low,True,0.0000,0.0000,+0.0000,0.0000,low,True
1497,probe_checkpoints.withRegularGullibility,sol-00375,high,low,False,0.0000,0.0000,+0.0000,0.0000,low,True
1498,probe_checkpoints.withDefense484Only,sol-00376,high,low,False,0.0000,0.0000,+0.0000,0.0000,low,True
1499,probe_checkpoints.withDefense484Only,sol-00378,low,low,True,0.0000,0.0000,+0.0000,0.0000,low,True
1500,probe_checkpoints.withRegularGullibility,sol-00385,high,low,False,0.0000,0.0000,+0.0000,0.0000,low,True
